SK_ID_CURR,TARGET
208550,0.11076274006437266
173779,0.2215162343918463
365820,0.036606794615075836
144092,0.2329833189145138
291599,0.4930328921897408
418609,0.37401370132791506
398791,0.5731081831168502
202661,0.3871866776291789
185171,0.4139254484758033
111761,0.11141535875089353
258225,0.037724797828219706
174954,0.23851096852625933
297336,0.339733206782866
369893,0.32265184804753705
195695,0.798827215831316
384221,0.08520636236928808
203868,0.24624323619281296
182895,0.05922931382385258
342449,0.042500397868022746
352450,0.4367433764852438
156268,0.21256907697348335
282585,0.11043345092545138
362814,0.34028785515543936
371973,0.2706089310711864
431241,0.45053973143878706
160504,0.33715537641932025
144334,0.32853482549258506
225460,0.34598694206600333
296432,0.43422087119506886
259424,0.190312089294815
360960,0.11363777904359443
154681,0.3789744959624631
314211,0.2221728545724655
163669,0.42398089954823154
248579,0.3430955131325541
449302,0.09182592947734149
185231,0.31579093769643035
194468,0.3323564913004073
113490,0.15412863595183385
139058,0.6485227648628994
325306,0.13083465103067524
199058,0.0818259930193805
155077,0.5884808223466149
127975,0.3703775337957841
360439,0.14533786520321426
435267,0.09479690515698816
156228,0.11504427933639476
172060,0.135583707308719
238413,0.06421721040957978
301697,0.11107933475232393
283216,0.16368863845509674
375041,0.6592743065290625
224158,0.1546061927192225
407681,0.18006277083676353
256114,0.21420480857572777
180037,0.15629019412273357
151412,0.3217759012359461
383990,0.06327705498355525
101099,0.12836895568730167
224339,0.6250615347825258
407218,0.14012939052599885
301169,0.18085900859695517
362707,0.41758155413936643
211866,0.040666971264910395
437005,0.3918813068760741
126965,0.8125209273904683
232738,0.16491590521811697
367663,0.026945452355799544
253940,0.27346694807229066
128130,0.3974793639071822
217064,0.5523336466200017
347678,0.8501174708561263
205866,0.3692669539567359
166049,0.11631328582611611
112720,0.43747258132915673
405444,0.10649417979597921
436394,0.6526801961188774
177944,0.338739204866067
123575,0.7348193811584625
120953,0.10989277608918202
451934,0.3911006194425356
235677,0.05321562972024058
153706,0.4073176599776814
127318,0.040726630395411946
381747,0.06069651709734162
452418,0.441846468198019
185646,0.5217662520561457
391487,0.6510849330653925
378330,0.060987707012567165
423710,0.7196207509877331
455439,0.4594172667127723
271606,0.12172642966035296
340855,0.7896183317253788
211694,0.08829663851941588
366664,0.28128592117471896
293316,0.25680350286310366
424639,0.29315031913577266
285117,0.2410166324691528
313943,0.28934182703644484
428859,0.508186809710253
280693,0.15281139406950578
278812,0.2725391031887225
386302,0.2744304483707439
344561,0.19891018976829813
330075,0.16564953528219778
363232,0.14705612881544197
148031,0.526332361067942
343072,0.07768091857973992
403945,0.29169165959977067
330616,0.24173827706667875
275967,0.3044957539223981
175313,0.6398627428683329
453093,0.23051144054837355
137807,0.4328601132549576
136263,0.27402213329344577
304378,0.1642548238998868
307636,0.3714817047525885
267070,0.2539716028219599
231031,0.5596488226191308
257883,0.07272288713040158
314139,0.06418035894677818
252261,0.30300802521794484
266106,0.6447632026514737
248797,0.39021510958763567
401240,0.09842292407834412
359134,0.4581709941498481
212897,0.1733907481024628
159884,0.23577223235561873
291513,0.13798324360963807
163949,0.09587835636957288
179077,0.17967503318618172
358730,0.14919465073512894
450216,0.2208459960113505
279336,0.33288933215494687
362012,0.045933776696876046
341939,0.7168342346737042
423624,0.23324828796253938
386399,0.2944350366205803
124850,0.07956763869483861
251085,0.603717171856322
227213,0.3237202007566674
221828,0.5554298018799557
151637,0.2648474680657965
184605,0.1942112416100793
431962,0.0871884824160614
452455,0.21992623131351105
405060,0.4065468765490559
103258,0.34100394561247127
184238,0.13085889661290268
300678,0.1604746041062756
193091,0.16814337210185698
317226,0.5762980763651631
253262,0.4667069485150226
153057,0.07134400712610046
227998,0.03819387679936576
301331,0.7668751232142516
427664,0.5522699910153859
125190,0.2567824437722792
238869,0.5470404009187968
226214,0.5220731031201846
141206,0.5181287676946577
100038,0.6978844634765756
212360,0.09747274113856033
435375,0.22004277516413015
388525,0.21347902503057778
323161,0.10185395844477024
413179,0.2403987299540367
145989,0.2994908984481077
233362,0.35241291533674884
367617,0.2289361341032571
361148,0.7969787068692498
373153,0.2705233676841802
301209,0.3014563250381632
260289,0.38650135518269507
148913,0.145994810004761
393168,0.26066845075269596
165907,0.32728610143655323
408658,0.20955351124204896
157590,0.8360874672359071
416435,0.12974716758506044
357891,0.23069290883459329
376343,0.4519161850790797
335446,0.05835626367818394
266173,0.1772114595659934
147390,0.15540682749063678
111277,0.8260153055707324
277746,0.6322126417840701
130440,0.22100944321614352
275800,0.25337045426838684
443360,0.45808332016061787
332952,0.033228919041928
286859,0.21787244109026208
243301,0.6831043541665169
125505,0.18336343899790558
370735,0.12820610775649724
196962,0.25688466958462114
241244,0.13141654627843063
239952,0.14900291755330589
136583,0.17061958231344773
441576,0.5526592581039433
440085,0.23407761679665814
406963,0.8698600586862106
455482,0.05608653593259903
376503,0.6839739126815961
330145,0.742699619092814
404380,0.8178460971352537
253975,0.8352135858928013
319170,0.4382057167088097
241577,0.8187687456082442
226691,0.08216959815697918
112124,0.2365309250996605
200552,0.30873703505600836
329626,0.3957127407906959
378110,0.28599318482704617
111356,0.07630674048524441
295431,0.20380748082122135
173768,0.4452583085683632
315125,0.3488284376225716
164166,0.6551402557201293
367854,0.2241187544518018
197278,0.5596188432177936
244710,0.2917571302619761
398038,0.2587460935859066
372955,0.17524269702768044
389080,0.28841993285086476
338872,0.5718142909431614
335141,0.05169189995792034
358786,0.7660697823748679
413606,0.15161379615392842
302455,0.5680701268571455
105865,0.12969123432067592
281045,0.037785229598818915
170598,0.10262804247282142
181641,0.11775397558237814
199804,0.6075385726868054
166025,0.23193206321677484
417454,0.3435094663000238
107826,0.43672512133336383
350543,0.4262110613270148
307500,0.17907251252296152
377756,0.5738270538591645
254068,0.18883347688809396
373390,0.34916822187623336
127464,0.631625229565747
326738,0.4481200478224301
201062,0.12487885194172935
209980,0.3985270951807248
337642,0.1594144431270876
175660,0.04604883677971659
294834,0.16895509251646065
218832,0.5729696950741164
194603,0.10156125782422656
223839,0.3236698424106666
412128,0.0982019361029046
242779,0.1834539764651614
273985,0.36110667245064476
177229,0.17949877109080156
102273,0.2991317793309709
299463,0.35758295603840046
331370,0.0639979436699643
450148,0.33134331455326027
359367,0.11379993966606067
160672,0.2944742526261909
201234,0.12986417905981953
179306,0.20021998900061613
322383,0.572185978064025
349802,0.2617973346338152
267466,0.6141817610639088
236727,0.8155564547476105
450291,0.5938052222021443
325969,0.19185149176543245
277121,0.4319062842835173
276164,0.13661527801432471
384847,0.5063467597992638
156463,0.21214130267567444
314038,0.4108954169226598
368263,0.16534774192896817
203339,0.23997155034890266
365923,0.5669622711402797
255230,0.18974126137542793
407340,0.11211994985641595
135166,0.05581150784758573
295372,0.12444902252296756
225850,0.34239842820727595
445483,0.1015593800552472
311509,0.14516324517238421
286088,0.6436109619728727
255106,0.05074654136165384
288706,0.7418826947114863
276442,0.5696544697460758
341640,0.47078222699704286
265858,0.23936821986428305
216621,0.05631128787146959
268645,0.6622545178752386
235769,0.13103413883091988
108362,0.32647385484124286
379501,0.4871907662093277
189034,0.2097759670691393
432988,0.3469368051949504
123039,0.17532469563558545
138968,0.6582893938263371
174412,0.580992915752651
142653,0.4958390465312141
237815,0.49414577404291465
315654,0.6457443744936191
162284,0.3021651452419875
257832,0.2626613519115056
385145,0.5189457321875774
261197,0.49856118768349766
345821,0.3681041053889539
362376,0.5083484285164473
335397,0.18237709467974897
430155,0.6043579094861691
312119,0.550165091788123
412030,0.5272502311103935
224664,0.12354268150167234
208303,0.6363733909805466
153395,0.2946870437436828
115412,0.06246122148291263
215805,0.10749951848271765
117012,0.17440653359338557
332083,0.4842641805916341
162118,0.6745221412154344
301426,0.1314114566771088
445845,0.35083566183464976
266740,0.8025741420460111
233892,0.07543540396494464
212654,0.7330441545820289
265170,0.24970620516350522
245452,0.4292229034463033
454293,0.677650718311674
253357,0.28220683876370145
260484,0.29748219304497653
402052,0.5919209207253178
165455,0.1598813640121561
250596,0.13031415533028365
192705,0.07897367626951826
264112,0.4505628654173291
247108,0.3133522586817818
428590,0.39782547269511437
255675,0.0668896591736065
367089,0.315788782596749
157159,0.6105093385886402
216679,0.5435360425547775
192172,0.6730630385184417
130779,0.3202290579518701
183062,0.07310850660349474
455960,0.10699672064541385
198378,0.23218236874542678
351587,0.24806666643812622
353973,0.1150900979291954
361913,0.23325163348766473
387372,0.4482595304205058
412456,0.2511030441508054
128116,0.06275740223690847
415001,0.2809204792065086
221311,0.2322907183302753
321548,0.5640215550076562
322841,0.1979020719201541
322893,0.4457970975625339
418585,0.3272811704715654
344835,0.33799977255071945
224757,0.5976950662391458
163989,0.5060854595198552
307963,0.29937605116034205
242851,0.2550260881397565
190117,0.31664284144766625
109984,0.09152402001019247
323475,0.501204212579196
441778,0.41044180646227835
307416,0.10384919383717667
165846,0.10127053488760177
408483,0.2266669234623847
436528,0.3471972626969529
173588,0.1428194815429779
122477,0.07889928944372951
255733,0.14144582018625335
366884,0.3682783698415315
219057,0.12712610397843346
154839,0.5698493306674399
140705,0.2188496251712665
327393,0.6599577898770397
173959,0.2883999930073944
400584,0.0850061478561477
195129,0.5285085184901237
228813,0.18280567097227562
238278,0.34894722291747804
229357,0.3846997473142691
180702,0.12691495524308957
242858,0.42366861263041267
207027,0.042973613704993766
186094,0.748215376712759
451160,0.6802684929016042
333845,0.1470959483598304
216433,0.09985152374015191
371333,0.8076990041689717
403715,0.23932685863484982
401092,0.31564403784326855
114772,0.8479530676217205
336938,0.08642918681741525
319602,0.04750402479584733
412775,0.22421214276263593
239746,0.059236921781571646
152171,0.23545374980151185
432553,0.29479790172296816
408993,0.4814334410475007
267380,0.32415444393036325
213675,0.07152133959064653
383184,0.1827447302168703
308827,0.24408511387956022
280777,0.4056747979357492
215395,0.7536004899886455
233512,0.09765520733163355
407978,0.6192532492717551
360199,0.845137408003952
255948,0.12086842842817969
106054,0.022183326492333996
317210,0.1668166465017617
455695,0.2897425032850915
369184,0.876228984474643
107801,0.15045295420473978
197959,0.20484717655850243
278469,0.6655997916315392
373778,0.1406039665292776
330791,0.07814574922464146
119115,0.22880426367341167
124095,0.141945982093222
311683,0.343489051844208
285354,0.5103176052087751
337369,0.6714691884417232
450478,0.7698790817231143
285514,0.19480625858722314
434922,0.7288258491751289
366677,0.09103374755544526
214701,0.31698460110775706
363227,0.5461224467214202
308251,0.3950234512061792
325948,0.6804270479653066
241381,0.6841748392445195
419173,0.27981046419461814
196623,0.4384240198197236
333388,0.3208809326616672
320305,0.805412498243917
370323,0.07612621615506218
146176,0.33598865192473726
115415,0.18082944276326182
147942,0.5195306086524026
220019,0.5809716200443502
247646,0.4594542514144589
186743,0.02310195146489196
340162,0.2005548352819573
288276,0.27560925567953437
424831,0.09601606812765369
145309,0.5199619408585753
415525,0.10036815433791095
360225,0.41992059343543753
226041,0.21721332107365604
267247,0.43795870968451206
175097,0.6976298878846016
244058,0.40468942049821066
251620,0.5965168145268611
147008,0.7777393108959295
328539,0.2990703980271336
122271,0.6129626625991895
121621,0.343112251794406
359360,0.6742648685981185
336491,0.1945310750564835
149988,0.5424118800197099
446478,0.12150928785242089
407555,0.21298377189002615
203869,0.12095119127421657
275091,0.13066810636410534
141358,0.1297850903460258
333570,0.31474922705646213
248694,0.46563576329556045
316479,0.37222901579456663
128957,0.22857997008047928
284348,0.23417384736539626
208948,0.05401576735213839
253945,0.5355705761326782
405120,0.5547521690316993
217250,0.4452014068308822
145383,0.8157008193039402
365497,0.15633153317814974
122984,0.7817775272928196
157292,0.1826380022668201
289667,0.7777888368374309
296428,0.6380267578587189
413984,0.05365058470583033
292043,0.24660005587000805
342860,0.3591334275833459
258560,0.7235567437867637
234025,0.09369348363746977
207727,0.18758562793689418
227058,0.11399405566662232
411969,0.22669856401357807
349187,0.0827266362477716
346201,0.38036567858883175
429373,0.47541464787419074
241797,0.2043104332041133
335198,0.2060480199294608
389225,0.6057811783480775
253555,0.3474781676947954
404771,0.3315682105293274
404818,0.4123798694637443
255706,0.2665539061787245
408990,0.24660430503870492
250878,0.11992701934704122
456170,0.06721759976405398
154158,0.23005546306532984
104611,0.6348248137640814
397507,0.7518073580530708
242816,0.5500129013760086
403802,0.7499208040893921
405671,0.32958113082981405
171181,0.3676096005129492
287804,0.3690054492229961
406138,0.5323573461269955
403527,0.14642177879042567
158114,0.14155201695714817
432452,0.42664825423192637
363777,0.49476803182671925
147792,0.6451346096242669
252840,0.34018888864835684
368645,0.6483773908373782
443460,0.47296985556662924
221223,0.4143374418134966
349855,0.5896209150260487
294141,0.1979295237056065
346860,0.3785978744971972
146097,0.15078468268095918
320869,0.19212188898244983
211986,0.28514107708443515
194229,0.7749469428636507
184831,0.63296117588445
371207,0.5105867455642139
441081,0.4632849005404543
278673,0.4708744807960034
198775,0.45289651047465324
445938,0.09087559981469655
342239,0.20857046884533745
336986,0.08517123656887667
176537,0.16092529201941908
274348,0.43919092848538893
402454,0.8356185024349373
350599,0.34421913089202005
414830,0.4392055019447986
185249,0.3452282863117675
394132,0.4577799304589139
144665,0.15726298631440658
420853,0.15386202695168955
179967,0.10773822868392441
267716,0.11298100859649678
155988,0.25467147384891226
340823,0.11572839982482643
104880,0.46494119350475543
122125,0.09644502746509741
111391,0.7967247896342552
431976,0.13225956429101057
157124,0.7252678926099969
315436,0.21485751385921237
300981,0.4373551719726384
328228,0.6593666286854544
176888,0.6552842777603257
252016,0.17947384506498087
281634,0.11975009796839894
424734,0.8034121600560149
313334,0.2265087708023476
331141,0.23422588419868207
427156,0.06919579283503764
436564,0.5625561373054803
283437,0.13512398840995699
376311,0.3353477486665232
150576,0.8252519471560508
234291,0.5090799894812365
355657,0.1769567242825395
103336,0.25148880028584464
435610,0.22224354705453192
227506,0.49304780858659913
450182,0.10456948585456009
204468,0.16880430875980057
280353,0.3793879695311714
327928,0.369528806580027
448770,0.28170216707035733
302425,0.39402332242611743
383191,0.2085481063475858
395459,0.5630711597121133
238702,0.3915203217332489
113957,0.34725764126243325
231290,0.45386421440893604
150889,0.12119194601949766
434920,0.2198880020905651
193726,0.3694627394996713
373118,0.7165596524611516
218476,0.6514710116066822
137590,0.1451606453658221
154241,0.07837363785863533
153710,0.7417801054725239
308023,0.03323179959332157
310972,0.586397493647237
228682,0.7099518539715884
397128,0.1754778183661877
142120,0.03861693981692006
269067,0.6437259660345505
285367,0.6360659081004665
318268,0.24187403984680741
424780,0.44457147522758067
435308,0.20051851919332744
339121,0.7284079775642535
355355,0.6820050746941186
157970,0.19035158335712363
292181,0.7209348521417482
355981,0.18690783060799035
123619,0.6379777097932535
108668,0.6576928286991457
254040,0.4786085617559941
318946,0.3742924042881221
317940,0.12521231453080223
317237,0.5441248672857575
179630,0.23811653090738313
297681,0.6310871695509932
103184,0.075610791065933
317889,0.3818248385534663
357137,0.2951243420574329
191963,0.6176795484869334
167638,0.17471212661441618
376495,0.7323965407430303
348822,0.15640400266294854
428162,0.71269006111979
414359,0.34028167519835434
251336,0.45305501009795274
118127,0.8719024547868953
379510,0.2434214015932556
417159,0.1353278872730525
115580,0.042358342524700485
252774,0.19128873674157137
157966,0.29210805183083577
287922,0.2494831226274568
125552,0.10354411359669458
326418,0.17309032105538563
318686,0.3505221471655277
330837,0.2905873477820732
165530,0.46182203818211415
291584,0.801202584536897
262321,0.7059154306584139
407053,0.30978412348849815
308410,0.885600245669854
303264,0.1011010226780059
134045,0.18826782688825497
265961,0.21890691799285292
412557,0.24058613140193189
243283,0.5762766568630604
329893,0.4992734250534027
358342,0.11514623269716642
160028,0.6986899927200186
403422,0.23242239043799917
129442,0.3352023061629392
131352,0.180561629790032
172547,0.28527758137549486
316065,0.6543064460734824
369767,0.43856595253958275
170953,0.6393659611313554
235253,0.0691963126977763
120759,0.09117705738044919
266329,0.3544246756084077
414960,0.22454151847232712
189966,0.4598953988098297
119391,0.6625580972681391
204228,0.3683083405782561
142650,0.38686772851811385
419791,0.22479017255125397
229117,0.4713765559306291
427646,0.2284478830558628
286169,0.3078595596615181
201630,0.47050342876207213
437393,0.06360807713010899
265993,0.24906436996597145
254837,0.3855707497817939
146815,0.3156673217883124
333262,0.08747385233990333
190461,0.4764747741815606
390011,0.06249811729398322
144390,0.1642320737050792
390073,0.4217155295663816
165171,0.15254078760233172
284152,0.2557393139598903
323312,0.09850498082338592
195891,0.19640828109681416
364310,0.3595593963528972
405402,0.27803034060654896
386255,0.4342605001016306
188722,0.7262202747063972
117616,0.6911620342566976
340104,0.5034735654894621
442902,0.3094338133234135
115396,0.766870936964819
447235,0.38768526791377533
203822,0.15026104444828492
283523,0.2963961502896441
269149,0.42875479976510394
442468,0.4103900466069257
351385,0.10086855321834878
146984,0.23643994877816465
365518,0.6840073317592237
188875,0.7193993789152487
398862,0.5070964854127408
273503,0.3268746408938697
216020,0.65283472605917
185919,0.07825519357833341
315644,0.36024798537310315
176957,0.5454137367489971
353031,0.29670839905107343
400936,0.39917922819785917
424241,0.2920984767066057
348833,0.5128538545195348
191371,0.40813292709309745
132732,0.3228334533002359
224363,0.223911137633091
419141,0.07520723271775753
183832,0.09597216738870712
169048,0.3945067380035207
399160,0.06231934464620404
136808,0.7956401384919441
103484,0.12756098218216919
111318,0.4790861755119231
195506,0.33462645510752387
295711,0.7024526610272059
184074,0.12751315099683025
405906,0.3667896834764329
221059,0.17031152033313704
315198,0.04624947145415932
319949,0.2973951605315691
386774,0.2974561144770663
178343,0.08518702665488916
183119,0.47698601373233634
277673,0.03535833655902365
287796,0.03950532483226507
369936,0.47543720324941574
333268,0.284136422192035
402993,0.688052768485865
326284,0.6876888603524199
303817,0.8593029754226483
320561,0.14957879539870575
131906,0.3808548098653415
438662,0.1726164556975955
126689,0.13130679764065428
113410,0.8307146962585358
370330,0.12005203319942309
320429,0.7440133150530986
254850,0.12164270537636804
238361,0.24684429458170082
283013,0.7851039541079072
108592,0.10864663923385767
292735,0.13562481051911793
198331,0.22348887245237822
427054,0.11703188936438998
434735,0.09410557166430938
186170,0.10229141102771654
453314,0.15009857830834653
217342,0.7794135296054141
292288,0.8255589538535889
449364,0.36667910825275435
379123,0.38594567828687926
237193,0.025674556830621555
377362,0.060772130653707825
164892,0.05943360976053677
373328,0.3525100500741232
453113,0.2160775446083306
376537,0.5503772637246593
239801,0.29651335801549744
270317,0.10267295323186264
350480,0.10511416323301868
355237,0.09639891629519665
379080,0.41223472492183216
269623,0.04771777920516895
171497,0.48680953142682837
270753,0.0749550927262916
351740,0.3482520994333109
121215,0.32572111936392995
106527,0.30542702183333736
158806,0.16303428196683514
130966,0.07853347784455905
147127,0.0983204742951953
451873,0.4773755366417458
313326,0.2932627744964262
449760,0.5937024561824723
438721,0.551181517186309
323005,0.1206789568448417
408015,0.2797371522562259
140563,0.07513685540694377
407692,0.41523769676992117
293377,0.15077690495250257
354738,0.40225857799040593
452545,0.08838964026870173
295056,0.566919008312284
172073,0.3518441669225056
210190,0.03951015418851186
247758,0.26406233618422714
110989,0.20111062551761894
116726,0.6236666578592752
242970,0.6191233639654905
371417,0.28019166277625157
366078,0.14304053888352355
183475,0.11679277080072005
325714,0.3241672494883599
207054,0.5122000714868468
364948,0.7467280812674427
364105,0.586529371521473
317593,0.4510321443758311
423132,0.23126431028460936
444933,0.3810562195214687
212238,0.18767800503735005
308346,0.2895743063889393
383433,0.9267620948392227
180318,0.17202595492883357
126738,0.42447821787130663
394943,0.45999206403461695
326785,0.3925104415405653
123851,0.21166640142626963
411939,0.5842346044683652
429415,0.44574284370696476
142921,0.6054467682708661
355870,0.1534033460285589
168521,0.26432231884853846
147061,0.10561245375509223
205879,0.1909010875643843
170284,0.4129762082389985
225766,0.07661087755887852
184876,0.47973746813587853
186960,0.6733215003992942
399585,0.060518991225375594
151558,0.04801353025255061
332786,0.43969804213034813
411217,0.323426970709997
257244,0.6383078682538111
440425,0.2791518856109937
206806,0.5823076245392781
114667,0.2367761917408764
246849,0.3405037713417423
228102,0.8056088958074497
166309,0.19543721880213402
137591,0.16123555904437023
168107,0.6407859377477181
132276,0.39577541951395445
224270,0.20356828562286405
404689,0.1609265992786381
332759,0.11750397773748492
187448,0.35725774570866237
332266,0.1613391444393082
317083,0.24694882068651303
323171,0.12341407630746909
239104,0.15324290719266342
124441,0.08063820739046626
337546,0.15852571933321424
177460,0.685755178854282
187585,0.1605067492006286
185332,0.503757247792361
420260,0.0506337642028189
285665,0.059736040357810286
398967,0.31787900611870556
349363,0.17351292485889283
169772,0.25145172997332593
167751,0.5956033483444871
109000,0.43711340223040673
246525,0.4489926852912779
217383,0.6391085906197506
111182,0.3395730158039457
320297,0.13284307605244866
279713,0.5747907605189035
229074,0.25376155022319546
264875,0.07865854994877432
347120,0.3904843236139825
413757,0.4136650841714924
358911,0.04596812965943481
194150,0.18566399467530612
177065,0.054936805138165054
279439,0.07753500966326003
303551,0.16744403875520295
431815,0.5906247229469739
453551,0.08112780402211939
158332,0.42519624010664225
224651,0.5705064052360793
413478,0.11883828293568105
329605,0.21111437985777143
164148,0.4921997276900442
323620,0.7359094718546905
362308,0.7554157050538981
230517,0.06764609398158362
164972,0.196481211437158
156782,0.7332141466645827
221080,0.19734569992453146
115500,0.2930948076615908
157456,0.26936652129580113
301195,0.7206457469373294
207043,0.713582454000167
245992,0.2646756219446894
445972,0.07072056396013565
355584,0.3517771428956974
211062,0.6659601931587501
226539,0.09365827105286897
301588,0.22934793261395384
134765,0.342655139115483
366082,0.3277425607222868
104391,0.12037631506319885
110766,0.06853541037378943
215791,0.08818309639362454
357215,0.7212388935246046
215064,0.1571132982218585
449745,0.24367785390110247
407927,0.29790724904793164
217795,0.7042619152654376
446643,0.420193945485267
162031,0.8218657144800139
263799,0.0708801715235402
307384,0.3163478048185207
297389,0.06704946758617839
371332,0.2647096996543975
146535,0.20760875607583384
332574,0.6641515159370925
161283,0.09437734713005073
264095,0.5800924253920514
129003,0.22672043128732386
103286,0.1844360418561881
227912,0.4336932978334649
367651,0.10893513111655302
231343,0.4501579104775495
436311,0.19236643528958453
193464,0.06261051028023167
237475,0.35220577365627914
265895,0.8881019415464457
267738,0.29164897224382436
408580,0.3113801849236918
369788,0.4209118952645183
450110,0.21278273629416544
313139,0.3935374234441298
276359,0.16120592946722842
303277,0.502703719475367
273289,0.3982447297259484
437157,0.5597387234460863
326074,0.04512739982580304
332694,0.24038795060892487
314894,0.1333250684917929
106881,0.3854230672079263
233858,0.19041127095869698
110098,0.6179389818473852
258842,0.1770279753943316
431080,0.45730770665931514
402708,0.5648021032333471
209665,0.3294002225614545
374101,0.390961767190563
371901,0.6220659666256403
250022,0.19845218440523688
386254,0.47788421143678544
202079,0.6427569797290145
319475,0.09811679506887427
433785,0.6043895517971701
229782,0.09888891367993302
325380,0.18422950789550943
428690,0.14788757518349985
361252,0.4489739276871111
342322,0.31095826827912265
149471,0.056378829661006324
164822,0.18269214882692475
449213,0.25176642157267176
117087,0.24723537875733248
306576,0.13169754086301774
350017,0.3553857020843889
368484,0.24719617145825631
323956,0.36374878191914534
279110,0.4186956232162343
120921,0.21351414752878442
334871,0.11822706059028866
208170,0.6791144154526879
349992,0.1476194531005349
162420,0.5010951482590961
453403,0.14013639393506905
145677,0.06631325751540197
105802,0.628491573757758
389714,0.07198863528003517
375485,0.5886108606762721
380785,0.22120005134596438
342451,0.40273097165229005
381152,0.24682352420859566
313830,0.16603371458065866
329177,0.49931504153487544
291696,0.5545404954320933
177275,0.5132908578225303
360882,0.3005744355030294
206747,0.5987706363995609
283438,0.03420379734669373
202573,0.15809007100763595
427657,0.38797283581699404
270861,0.09524176809831265
163729,0.10779479152832785
229767,0.10000611539971026
385142,0.12301876632744745
150289,0.4955737996149425
129141,0.5511299888393135
180323,0.2789644536537473
233509,0.7910480041188426
281007,0.3422357436053708
251965,0.34822439571438346
336199,0.048276625515413764
446803,0.6231499916537654
346723,0.12710240826545033
401751,0.040244931540662214
198309,0.07871370864570444
119232,0.3718585183678417
242319,0.5572046466464063
394445,0.20917124623745315
266380,0.5732556645094578
430639,0.09530914150999174
263803,0.4135582853939161
185349,0.6059752076441475
271675,0.40553809509909305
338804,0.5192134631681729
305826,0.5997874105992911
142727,0.25524031102349287
246798,0.31699541822509053
249883,0.3192250496810438
107847,0.3496037126023445
226720,0.46600064831717575
292968,0.2229207825725004
205822,0.39009803483439803
426192,0.2523505725372234
279300,0.12730484303505116
232925,0.08751608110166864
253628,0.14587520487454791
264451,0.33764251950333607
359038,0.42983176244572374
390230,0.2737663659015038
212293,0.3075261272215127
132767,0.20095195922644804
186490,0.6446811534553689
160398,0.30884718367521713
123210,0.0797473419421609
432696,0.7493810277224136
225351,0.3776476265366989
401067,0.5925179466088208
365532,0.10307106211393709
287732,0.4608253424581354
201544,0.32063295718969864
174072,0.30332882946052814
242148,0.3200817544617784
150845,0.27378397062061277
403944,0.18482518976789558
255319,0.3470307916330234
214315,0.3931183096610279
357005,0.21436006889693196
398051,0.7425823983817056
201442,0.33459990564814907
323324,0.1619307831185099
395940,0.28824648805242864
238270,0.7368161997960617
108985,0.7097367622337386
287764,0.13371924487355755
438979,0.7734352837197965
266805,0.06402201113370476
336101,0.057719178802173456
204403,0.04496832037170336
141596,0.7103767683873623
314986,0.25484387992026136
384198,0.6896612275356985
247802,0.36156826591088526
419582,0.8451766584427869
350677,0.2271950870252557
221327,0.5548158301115432
443854,0.7823871617876991
358910,0.14141099502862153
117853,0.4792620752222117
447745,0.3493287525708057
141644,0.39327071280123416
411974,0.12957333721532596
218119,0.2626218914234339
307561,0.3688085475714677
402263,0.5654330950891309
381734,0.2528299505273991
398676,0.2071308175061375
340610,0.89292348855945
323588,0.24031307425374582
166994,0.4327183257516233
207428,0.26318441522624747
166521,0.32478066432212055
431931,0.21165217668490233
392317,0.6278640659949634
330299,0.14243151293073514
221626,0.20136008505561265
229130,0.5600367952728385
394857,0.1367851487467541
144324,0.651728487554411
114501,0.2720180064650961
434027,0.044759822741961816
182450,0.43699107205471255
130528,0.11237365052633189
277701,0.08115575361254966
317730,0.2697179188633754
345021,0.23021165053134465
428636,0.4567815147361068
348216,0.09737948937400473
406051,0.09518854613489648
302145,0.751304862410287
132211,0.5474584161463759
427041,0.3388654229255583
154974,0.1455371789305215
196071,0.16744199069516622
223688,0.13634225989817333
318263,0.3355222412188762
248605,0.26694607139764576
343990,0.5007366751355187
228295,0.14091312645821166
216655,0.5467206567981046
373480,0.1009874652807035
196242,0.44817900615287665
381449,0.7563300701085636
381421,0.46632716290250265
263243,0.7094727813687364
164142,0.2254580431261271
120936,0.14370504151545418
425969,0.4484623496801018
106804,0.8122984669260839
391327,0.246216322023792
409443,0.6687954479302737
427048,0.47555432454963337
337460,0.19890687034685012
142752,0.17727594671800068
255832,0.08384401974696912
165624,0.518067513882697
203366,0.3270330581755633
123091,0.7025054862775071
321092,0.03714035405081131
432282,0.267051089847981
424001,0.36942958289783207
194149,0.20231132646157035
269750,0.17616965451602132
162630,0.4631546037495914
211863,0.7343025604566934
235592,0.1404864848863985
407648,0.308523557983858
422748,0.667269783656154
284283,0.2709339964420461
271496,0.35020454670628126
143593,0.5771386822643079
375182,0.1810084891335867
433392,0.16251476583883398
232279,0.07513828051660801
396530,0.3971887757257993
434784,0.6691034584539347
296758,0.24696259238904214
257585,0.08336943611733502
138480,0.14758539530081816
392423,0.15796575238941535
264744,0.2457131586042922
358884,0.522372033396145
391461,0.5629562336072949
219935,0.8397648131254986
196585,0.7268233679783019
184318,0.21875664293540195
119012,0.6328363592822743
180550,0.29718126758172647
266833,0.15343835418545532
441354,0.42644625825372423
346536,0.4532628789328399
403960,0.7408576637097
163013,0.5087773789664289
288838,0.6631677385609214
307078,0.06402556660263478
181465,0.2290413335004934
388859,0.6541628451498237
187991,0.5998468157276676
297898,0.10544542751611244
153519,0.530872595397109
344053,0.8207531773855787
374452,0.5018115497476843
250469,0.04477108901668781
344660,0.24568340389621382
313426,0.5562311096921027
212874,0.33493221862938577
448817,0.42056007153244385
197945,0.8128849805042175
188232,0.1761710359098586
205141,0.8743527734406206
408874,0.6812181565702851
368282,0.6683550581228018
282399,0.2549572869445908
347736,0.7440806827817295
271135,0.505991253304442
154043,0.04287271513059385
116584,0.03922508362337125
442452,0.06244194266957683
334397,0.32200828753393684
174590,0.3747850101241356
203195,0.3920275646623882
407832,0.29776900112666205
186859,0.23901544106840567
181555,0.4491066986265461
169911,0.053998628573028264
421355,0.24680089937803845
102158,0.6464138784116527
353821,0.1824066731307283
343165,0.21366875427399754
316815,0.7832858852246932
393641,0.4530413376017188
202165,0.12331783985697457
310204,0.20871567887812942
254316,0.6242004352307784
336891,0.09810835344371015
354910,0.713067494413016
361946,0.03817730925780596
391791,0.18254407569526146
263312,0.06861631052704495
129312,0.06129940807566768
450042,0.8521004755529923
364147,0.28770695354446146
366784,0.16465732738099936
262554,0.7127836685038604
199965,0.8105733974652349
345402,0.6547005464129797
102340,0.23228451783263435
399417,0.04065757505370106
251684,0.3925037938146312
283895,0.21819938085760698
291103,0.2911448461189556
276242,0.1966500491019488
418458,0.40222729365104853
164152,0.27099392669786077
335204,0.6566674802800352
429856,0.19701194184928167
455223,0.20400830259241828
444136,0.13048407167073073
411080,0.1795233299833436
407313,0.05360381733870139
204856,0.7622237055704388
142160,0.46645826865220336
188282,0.3998836529979254
166215,0.1672661815263277
326464,0.8398392362006956
357865,0.26042850891706026
126880,0.2656521313885074
276717,0.24248639134055963
201873,0.4531965506779806
189843,0.23243959424628238
252562,0.24266796864149406
141215,0.8874554717293741
425395,0.28757176879861945
363733,0.30399186934789973
305019,0.2668830219860397
265110,0.11354993539254286
143191,0.09891593575727481
312115,0.3473188484344232
454664,0.6790083988605924
408386,0.4104883757707816
333904,0.3950259777945237
330878,0.22783154460290952
447842,0.8010806689743096
191876,0.23226819595794923
336660,0.16409534148452595
355503,0.4072968216807124
294738,0.5371789346909296
119321,0.40859577360740595
122136,0.2342209307608971
256195,0.643605313458152
274881,0.6289306726291727
445401,0.4336070027511665
134972,0.16756871212229033
387501,0.34999817329498906
182305,0.04728190030546852
233301,0.06615644496836805
301787,0.26584573753678054
301422,0.09613162505362513
144753,0.08126752153313692
364248,0.14218896855703705
191869,0.3182247581082094
223040,0.37451681688613636
337746,0.10884550923897106
259876,0.2960326118670925
405317,0.15407333762124636
404474,0.1457692164949634
384866,0.8588351748623229
445766,0.16475990828790169
295367,0.4978954836225584
415486,0.08872394545653861
420207,0.34508235038765017
333238,0.0661194731866692
113413,0.24342621149954394
264786,0.4885487455751996
395880,0.13530219829436688
285863,0.1008623859728561
376509,0.37482007559573977
130278,0.11120867077253173
194026,0.21107252860943737
395095,0.22650648257945244
455481,0.07783035594220983
305723,0.08488794154765253
248726,0.5467543739386532
131130,0.5822315791368491
248905,0.2909893468405633
309887,0.2683908733742274
419538,0.149889483154126
346887,0.13414072645666786
165837,0.054012072858465036
196619,0.3112719269066524
183193,0.6761062921355094
429511,0.8058297538143974
224771,0.7242606680303822
327871,0.1638019071917253
279165,0.13382803473012014
101090,0.20732788174462818
174924,0.5180414664826375
101213,0.3824895989709908
142778,0.16029565528233242
124648,0.14177331895758064
201143,0.04943776385116159
254261,0.21274761522706315
352711,0.5996764378089311
326624,0.36994690970606176
315725,0.3747614198951973
142988,0.18365736650169265
110026,0.24468899651635143
425952,0.47281515139181324
126791,0.451870546761152
193028,0.16784118470741513
400069,0.2101863099868909
340509,0.18272204460003155
306845,0.4113856117510447
273359,0.22853830644995685
350612,0.09231136967480671
103914,0.5165145190922369
281056,0.5280199161500583
389898,0.224440375386739
221523,0.4990019971114539
204623,0.07371672312368023
298600,0.07448013631099867
205819,0.08166296074250474
236885,0.13119218024033558
391353,0.04865748148441795
214915,0.36633162852283346
313410,0.41249244290280046
157958,0.5568592536374166
202457,0.1557462111450256
410025,0.14758686917596844
273968,0.3998516499445678
352690,0.5979848667357592
162334,0.3390422039619242
374518,0.3813220862867662
442896,0.401591120108916
431444,0.2820165560043743
128428,0.16127427210696565
367023,0.5062434118192243
284309,0.23975026819130055
372453,0.1513779937258554
436836,0.5467659236930764
299134,0.6374483689558389
315503,0.38865062813486717
334286,0.14321343452948784
147463,0.13085641865384864
434036,0.060643944946825845
264347,0.8795761363275768
223526,0.12236114712188909
291449,0.10827013045323049
193075,0.10606148488057054
389603,0.198946170020189
211804,0.10477566776961603
286864,0.053600657096926504
277419,0.29379767799804657
452530,0.7175546929852609
346822,0.2125970140447127
233310,0.4768111517604679
251920,0.2720725699857993
393625,0.8377127621113623
185363,0.4822972492972417
364537,0.4904277871836684
260820,0.27503269365327226
249720,0.3033738672380909
180092,0.20598296032425736
391517,0.05701313466809461
296926,0.6459657368973559
311146,0.14895461995660275
224268,0.22447611777435936
152562,0.4748884611419858
254116,0.687771711444179
117217,0.14450163792194132
169974,0.059029313656857506
143339,0.233899838165086
249305,0.48051939090108936
438074,0.13495467072940695
376292,0.11504159887918375
102755,0.5450219855030914
453244,0.5416571287607441
137809,0.3627665044845644
147138,0.11218708212189513
209659,0.5896104934918187
161572,0.08231496091721643
335347,0.2169421818378072
250311,0.040590098884636217
167698,0.06408504329908724
361497,0.23139414216467813
442158,0.23384074626934914
364877,0.4522133429069101
344427,0.19237875405917718
117625,0.7862616274144232
218788,0.37207273907340044
189866,0.11262296009734407
323297,0.4576337977704629
330708,0.581835120937776
327751,0.18415788399684674
290727,0.520268148299927
310779,0.44237181827846267
368456,0.16313271604420482
304387,0.5262681270678543
295604,0.13715905896361258
311801,0.33369660975873505
355417,0.1562316274703125
306051,0.20916600506608232
296062,0.07887155100543798
121059,0.6277041611472857
220781,0.36989831185129346
143652,0.057997929183205815
134448,0.01692523465917732
404328,0.08883455439531675
377775,0.6727162050871751
190948,0.08256689158140065
362216,0.34280397817624725
279285,0.35620829090243555
423055,0.18813059214016647
126448,0.13979182652176406
117402,0.26827706118298933
307134,0.6009813306420456
323722,0.3712847738935623
235877,0.16866904105566
433509,0.25066558281240586
440176,0.08104283008542981
238306,0.7005783615397012
251629,0.12806844666986247
402384,0.46643288248819903
440883,0.06943072105015
308280,0.6517331301848082
279450,0.4886300460903244
351419,0.11241506202139631
246786,0.2430292512603133
401972,0.1511697347134743
364911,0.5905269853838027
391858,0.6032205322358294
430839,0.20791797586017263
144186,0.3459300666893498
208052,0.2371145619113047
368392,0.5842532437507642
425954,0.6943667307770982
204047,0.2333398709078798
205069,0.5246317088584423
108243,0.4282420822879696
315869,0.22629113009022098
277167,0.11646868274155077
230451,0.11542611606007766
123004,0.7650650919044609
145987,0.11072966382345813
329052,0.27512893703509755
449323,0.12518945928791886
383891,0.7123587799843755
339449,0.28121863393947727
283283,0.19540656018491534
376534,0.4316788854846532
330395,0.44129204388687804
207257,0.6484693368761656
428764,0.27915799838195055
295820,0.15379378064204913
162584,0.725499293199876
440606,0.2259660414654161
331707,0.38345457606444733
284920,0.3767591834905442
116637,0.12855433509084163
291523,0.052566754520255915
168403,0.12535217677827853
242406,0.616455466179056
350705,0.8571752773927138
161467,0.6027680028971848
190767,0.7653004562085989
212327,0.34948994146892476
418614,0.4422552733961629
182818,0.18925446726255563
231028,0.18871805259062993
414659,0.35434204862130064
413765,0.33163506152489447
403386,0.23531340537455364
406968,0.731706505987094
210961,0.2420721764079084
138807,0.040372664246968885
141310,0.7870242917858385
387329,0.16674588168462046
312493,0.7935341556643611
200557,0.5449741369660991
213312,0.5474637563062118
447246,0.735473453548774
168186,0.21925254620475082
173020,0.7210755497118709
399617,0.14254648480747634
440886,0.08298397396783794
350177,0.5319833671620721
200207,0.033438283934194436
393381,0.23663640060785862
126584,0.2730133244698718
355305,0.25700623565864317
397129,0.35036643655743327
267662,0.41311427741760953
440356,0.22133848639708922
349645,0.09408357333194847
125930,0.20489399866058214
455425,0.12460887023067362
158485,0.21520041368225784
222646,0.1876451289889454
183310,0.06601729737556514
282104,0.3074053906083234
311999,0.1350798841037251
232426,0.3975579652143057
384563,0.1332572733966235
283900,0.7145444704685863
448330,0.5134559811932574
422055,0.14820100884826812
349394,0.37190353574554263
337629,0.39704500781893093
336966,0.7159653059687701
368337,0.22580204760557912
332253,0.8105346836230068
305215,0.2038048649465857
304954,0.5757788732240451
425338,0.3763815710270034
425960,0.6566846131812726
142037,0.2595878397511863
344382,0.02540859498947705
159693,0.19193292069759077
183288,0.19962161251980776
131039,0.255255992100947
248075,0.6207019560009799
226664,0.2635307630403729
410959,0.5960158244423939
283827,0.3693753732017883
442890,0.09579420076189589
439768,0.5919421427880085
175743,0.615717289797054
147571,0.34126396247314594
356801,0.20136963335086586
312224,0.8123103671806089
293013,0.03899865952671426
345184,0.3217749599258036
152305,0.4219026017559344
188890,0.5269742601149571
238437,0.5179169682966218
231529,0.12312537583751891
367890,0.7128291913697663
254100,0.18739947607423874
440862,0.17003882108769275
150918,0.153554898254307
188946,0.051013477271381044
242550,0.24156937129128364
281867,0.47192218752751586
415731,0.41815961001612445
222328,0.28842039611094183
443239,0.4600632326371294
104278,0.17739159783016542
182022,0.16627114740025664
327449,0.617485603430685
286707,0.253436242024417
318817,0.365053623911358
224528,0.1405235896776819
324741,0.7445368763496669
428243,0.6790081568845241
354549,0.8746842613652521
440506,0.1838420846901208
339683,0.4712421112995607
164817,0.5662267660242726
440100,0.06175958482819666
432842,0.7102082633775131
361007,0.5043308585529754
111673,0.14506561277170185
203054,0.10603730657459126
448370,0.28538212805359864
406972,0.6341341840438827
281068,0.30668938221311043
227826,0.628677309433007
308903,0.11691493360595626
413633,0.6315399994362868
103410,0.25993123218843217
434556,0.6043878698378973
254392,0.4347990808087932
418607,0.11925970642820871
171359,0.08173609019121576
314405,0.37278407329322216
125488,0.27783554604652644
193832,0.08103021042038762
261772,0.1386520479243771
251011,0.6734519856720714
210157,0.35039952708775635
417445,0.6804734881760373
244428,0.15611974057327413
150744,0.28644892656665927
303804,0.711035500640866
279232,0.2187550220434746
175665,0.09264245184103467
188739,0.8909561383867574
326182,0.5274846710213109
122234,0.8479759760393148
389618,0.47496275578252223
180067,0.27267384588018434
317696,0.2599101998508708
315194,0.6972737660039927
238500,0.1156717353775393
171346,0.08975106633348301
233810,0.27407688973023897
420855,0.2323282107264314
148322,0.6104177540784698
389420,0.6159960114284536
108643,0.09058578407577599
226301,0.5607497685589418
307205,0.17435581761429395
129358,0.6351953170883287
256276,0.49931629730949784
382885,0.35367090318358946
165749,0.4041135906094179
101887,0.4628038340902247
279266,0.20429932654553146
331888,0.2695233320181398
226258,0.1346720395713296
172374,0.3619046614380904
105916,0.4001017902606993
194679,0.11142414640427303
124696,0.7356835003783283
344422,0.045297078259320785
253829,0.5029689398006242
327160,0.47731350032866404
111197,0.2172438083219914
158884,0.37030345558095695
168105,0.6605630108511639
181350,0.2328482802883815
106090,0.5949519142637133
112083,0.12907577776920104
175519,0.15066103015455437
141528,0.18834832162509862
318274,0.32687285819546313
115404,0.05262459548665977
354602,0.1285704133593152
234048,0.24398088286442135
208292,0.6117274840476725
145835,0.6073439803171999
194293,0.8279415008186136
155771,0.6056538202916647
403980,0.7685554492610438
121502,0.16783390601859197
406971,0.6172238994841229
144461,0.12153037200499821
188045,0.06734354184384733
248375,0.6249770485101916
323033,0.18035296497945635
220764,0.13860058733990083
380828,0.46507739689193067
429809,0.5950745421670245
271363,0.8553817671388492
224315,0.3147712032258357
211696,0.2432304248097283
413467,0.35644780876485566
172995,0.1783222884795089
241436,0.06047526881037977
172635,0.6657965153998855
159929,0.3303049411737022
301531,0.26208520774631106
389585,0.22953989677140282
340556,0.4151171597556526
335303,0.06067401866380856
134306,0.63796246260512
337821,0.6711553607594635
266714,0.41497827421731986
406719,0.40288915821495874
394332,0.14644170346041716
350330,0.11987740405251074
402509,0.3434212562134714
314619,0.17757406051268
127102,0.046798960135784065
195291,0.11767615186845186
429190,0.1003896870819671
196149,0.35319481843280465
177584,0.49331468519365423
239168,0.4476809934754668
356754,0.5898908651131282
109804,0.2719469414225881
124026,0.060316181274213086
252630,0.09379953972377858
248115,0.14330999756407514
196378,0.274928439754595
310663,0.44887672513800425
446855,0.31154538632730855
269667,0.1181846567866579
388204,0.5240138273224082
402426,0.07166554655234715
267079,0.49763725019174787
408384,0.42954928286932365
272276,0.1937539361851625
112831,0.4593433592638434
281422,0.3936212670237158
450897,0.20896964597727838
146252,0.10155519061801692
369995,0.5781064233705746
413324,0.26193359042087533
153154,0.30680152826202
136605,0.6436460110492633
114094,0.21737608181458165
338597,0.22926167371026632
382153,0.03365656881936611
120390,0.18554308950897108
176890,0.633306313542854
223670,0.6305030026784465
320568,0.15613909009713164
319489,0.4276948467872394
128770,0.1807800763894386
354031,0.2878324602366089
390558,0.5329819570187243
279679,0.16701863549132331
356559,0.10700073153597492
104646,0.08249979936656164
397464,0.1681998656041849
148319,0.2324063878271724
272381,0.12189636129130947
453220,0.03543194746689644
161083,0.26213431210464205
129685,0.05802683118061786
380979,0.2557337926008831
447708,0.48185987810707387
371828,0.2767869681603821
233021,0.8508425015831815
454103,0.19956116694031883
169328,0.41965631521701324
219593,0.5275649230227952
377736,0.11531669066903344
410813,0.2002327555242908
127244,0.1346119651979331
358183,0.4892515396880519
407088,0.06622683828804105
294881,0.11105229233803257
297965,0.10078978674259499
228933,0.14371452368571536
121243,0.43386663855728175
313669,0.4225558956409031
162029,0.12415895584570108
381463,0.3110429624864376
237086,0.05552952396725839
167273,0.47175779029782905
247685,0.5734271602196778
281957,0.09585939823825321
429094,0.27031733862851104
108018,0.7663661522331495
422012,0.42413518640788345
374042,0.4768408311641311
366709,0.2022061200533356
325859,0.29569095835084397
223699,0.6837732520632192
114875,0.1402309009701138
423157,0.27482878169799757
315288,0.7421807097586561
131257,0.41862944986167727
172101,0.49619084551857345
195330,0.060307658802221435
291593,0.14243128176333927
273566,0.3367418820129393
218403,0.5240536244836987
289777,0.3433365303610787
222783,0.7049316183814617
324305,0.03786421615972071
120341,0.12200617118932225
121387,0.5945562992701029
445124,0.13431055203651412
139363,0.1757850126754147
255981,0.3569298376375188
139208,0.021281769785910166
153507,0.5088884320552999
329698,0.615516985599467
150745,0.5598838326697559
272081,0.05877176881946107
411363,0.04968426305471334
325553,0.8531230045667303
406712,0.6374572235284491
165817,0.31382543114159184
210129,0.3010398992911068
394022,0.1503213870183214
288280,0.3378055005260667
383608,0.24361623143266858
224990,0.18472957611715007
165188,0.6910749284440905
376627,0.5482267859543116
271544,0.2978950682065995
331197,0.2298855560336962
146565,0.0956988372999882
101354,0.7086529033716206
110343,0.33982559294072495
431520,0.6544990199767297
367919,0.13934763023169947
248473,0.14808182603273687
155755,0.18715214776081399
113672,0.3565565001930755
318674,0.4970792129057052
326033,0.3052697808173009
346694,0.19114988590482582
264863,0.8381747220523632
299914,0.4211322709647318
236237,0.22074000762266494
448678,0.1184208797077227
369361,0.33584988890556106
412372,0.7289579943479799
276629,0.3943001881672653
352241,0.1006121464339554
451432,0.3840030642511534
226772,0.06111068464787225
448700,0.5536036431150414
381769,0.2993717197700163
357694,0.09187153159870752
268958,0.06699302008553595
170731,0.6693141787741477
163263,0.09735168828237999
333802,0.6404003780937303
271914,0.6854547670010352
308900,0.3763823645727267
359049,0.40457927541114963
355785,0.2627115851976332
323108,0.9157268155224694
266590,0.6059960194542978
428745,0.129852133055136
338179,0.859185760064153
294160,0.06379525415289022
398982,0.23810761757335017
437913,0.37634890415649896
371566,0.663441610023629
219273,0.21989328103564248
114068,0.08841126969744544
387688,0.4062662753745608
330188,0.3895731427308833
201084,0.7967623785230272
157446,0.10817789953206897
168349,0.41434963075940356
249681,0.42448603108345356
416696,0.8751031431257291
104712,0.4615799413603956
168823,0.30013647647542147
233508,0.7091333447560849
154254,0.10077958252796175
177798,0.3994311801698275
139201,0.17812520777625043
262847,0.2555698337821313
143388,0.31418974886557643
448338,0.39951735181644665
359855,0.417457518800943
161378,0.44540030038560136
304897,0.3651259337839413
357915,0.7378014543613705
343126,0.1736322770044313
389097,0.6595562262956767
408471,0.26057756557022427
434815,0.4118914751113951
136929,0.8265054881374797
349719,0.3056504726395817
170970,0.5089951475953318
392250,0.14858467256325372
297220,0.4229468035894089
344345,0.23895263644887252
304790,0.47554720598187195
145250,0.36965685257335185
378434,0.6841520150341338
189924,0.17837795648658775
243747,0.23281625421772917
185450,0.130639787792558
120076,0.030505149570120346
382887,0.5490976578489262
117982,0.41148651285251303
251893,0.11287016075842699
370482,0.8414854967374571
366750,0.07937219684126014
216666,0.6562399659956264
321358,0.3785764717539346
196075,0.22158124132154244
342154,0.6106443651481623
274468,0.0918013697755365
222945,0.6547349549768383
329428,0.11125127488088216
199009,0.3124379030835661
219119,0.1595964232342531
121822,0.5661585016523708
207198,0.2228079040326801
371314,0.3157380031089047
135967,0.314041186404285
207275,0.34545825119569645
260051,0.6954526678238606
370051,0.04236728152905021
208353,0.2015474859630185
368638,0.5645319241396076
447654,0.4524849753393727
141457,0.09902392270918034
153734,0.48433089926063905
423749,0.10988727144168726
362552,0.34431428686962395
167299,0.639475405581844
166095,0.28902005686815796
397494,0.043129426282468
448958,0.26655812743289575
424800,0.06935572415435384
357200,0.5397282274155909
216740,0.5547482947586754
171768,0.7011722517760575
295374,0.21115345525024343
256875,0.246469911376144
297033,0.4564302247247799
365718,0.06463524843583601
288666,0.20566857212401368
197107,0.46320086731327037
166197,0.4733169236214319
203350,0.2359807062632615
434554,0.7273450172699808
152735,0.1339155646792297
451586,0.18380390083863787
392389,0.5666520982453775
172644,0.11476859459272964
374519,0.0740970601988643
306133,0.458214174642306
386665,0.048593371924395584
206395,0.6841323771762018
278025,0.6956573240151086
396752,0.5959290387271354
425330,0.09782290901902675
424843,0.030028663430799938
431837,0.27315318492574475
430975,0.0933280042767649
379432,0.20847255237230136
442737,0.13816579546593952
157530,0.5067706730573974
180867,0.2788118851488669
309099,0.3902650026427477
317499,0.31940009512634715
405489,0.5928025445310348
146979,0.29032263707456374
381185,0.05457882071293345
400416,0.09697011208836541
242361,0.44632772110718427
324544,0.4427863873509703
121156,0.06294128564511114
142491,0.5642708697104561
150054,0.5125749541490675
328171,0.46054446803426113
407755,0.6405952389853352
212710,0.7206044707238638
354694,0.6594093287863606
127463,0.45115844209335637
224039,0.1483172589915032
430548,0.5255774006256917
385650,0.293483891469722
301089,0.28625829184946483
400792,0.6037304934940566
153291,0.4118537429687802
391587,0.21484384611447563
256315,0.27485985493207477
339453,0.24150701014542314
393172,0.20851956288522278
285183,0.39019913784056537
144534,0.09795076220248555
125004,0.5743854124001967
201501,0.44220511213659336
376494,0.6615491008364993
112886,0.36611848150097986
202272,0.11936756529575662
269637,0.23583955203310805
404070,0.08439419847137751
234470,0.696000487725475
438792,0.2298651524922654
440266,0.3396658272871389
290257,0.41500105967886686
262559,0.19051639565285688
292451,0.3282976333674215
320254,0.4513824717627694
331082,0.08957537028793167
399860,0.5028207757614962
250105,0.15054055489385776
365210,0.3873470616386416
429673,0.056141259344703015
122583,0.5312668655612895
345020,0.3616015630618386
278983,0.2928305203078473
373815,0.16388007076666228
431755,0.6210348257976855
425962,0.06110068043544638
408349,0.04860059353168476
210173,0.7366718592671462
173812,0.03954666080955761
448100,0.472099285768608
291202,0.28112060723586507
402077,0.26551519368189685
297646,0.18093262508915373
295734,0.5821527309916105
269377,0.565854012474287
272233,0.7248014517167206
323801,0.04173529545428863
233603,0.35904407971490726
137476,0.5086888330735273
102205,0.6041904445582587
411754,0.1594797269762941
216686,0.08434668656114655
173079,0.5251769565969167
262914,0.157383082139135
360171,0.18666019683763932
218551,0.1647012922712384
108249,0.06901057553940736
178665,0.2614707097522497
455243,0.18480773931353406
319396,0.3809425046247927
429602,0.11912619310210798
158365,0.15319019557111557
303007,0.3841731844323995
122921,0.15644390591844784
433198,0.3608999151432214
380625,0.21300354168097754
420353,0.18615229592470137
450200,0.24744225958763175
437397,0.4462619669886019
291505,0.4188218620575551
178726,0.37516427749715525
410276,0.7780301960938514
204756,0.21862691559763336
414273,0.2877403935018365
275077,0.287676011381439
302341,0.051936298536969225
277108,0.32542665283639766
448720,0.668586609922075
349248,0.24477157458178125
309016,0.505928972242833
201165,0.05706705392830606
277390,0.6289457190529496
384102,0.38119781514359374
355434,0.09248823010819959
188233,0.3820162454435295
297019,0.7866900728794686
380812,0.09732111244613219
148609,0.3123601963318718
151948,0.48395697024587964
323043,0.5658958769007917
416887,0.39578565455721976
326528,0.06589220845377781
228810,0.18262800074637467
197275,0.16326905703430356
417451,0.43870968639735614
298713,0.33422589465374525
241960,0.4640188440539736
308569,0.5792606214800154
176240,0.14428373463783378
244268,0.5505070374169422
440968,0.3666191579352313
283486,0.2737888900141305
245568,0.7299369841426171
178346,0.13319380087380855
300284,0.0412315611348528
212978,0.16999451762099654
454021,0.09578882523608752
401428,0.6119548995334658
450997,0.1240022402139774
276848,0.5489853946013883
344460,0.26982057303145635
196510,0.3540457532885881
250391,0.06706011906160564
131922,0.2637851288554853
366725,0.1695943420696507
125029,0.2304084282522559
371898,0.34749487939573026
310093,0.6189036881628734
284537,0.1491724654977855
126549,0.6430630569441529
146451,0.522532240716381
294075,0.7238234001321384
247353,0.512467185752404
100466,0.16082152880422548
275121,0.6231594217116126
334664,0.19916660393355773
180201,0.6066573501592265
297344,0.08116284347115528
249913,0.24817095677665388
409221,0.23982055527104623
294548,0.2323273625020755
221242,0.34832396361430834
209723,0.6233441216657455
377363,0.05034093815573328
244420,0.23831666273404545
223051,0.05463843849975056
357627,0.21130524755673305
225114,0.25554457798643093
451119,0.28521184858025056
285853,0.061326571655242794
296679,0.5052624155090741
365136,0.28870540181358706
136798,0.32976433697947577
294690,0.7891606125525713
294982,0.45520836268602605
376518,0.7854556759204087
403970,0.45267446076502327
293435,0.1279778351662693
322651,0.5052292327460939
398360,0.7742304629507603
311540,0.4037364002734761
102995,0.4286616368082244
193971,0.43490078088442985
236457,0.14085713533862101
238087,0.37241350312649896
164938,0.14413127345164067
152679,0.47448614723808297
363580,0.7444202795511744
254358,0.13790142597882676
271137,0.6612345396582568
277976,0.3311386993500852
150846,0.4117917763715177
400720,0.2068726831781229
133044,0.2023434513630132
321419,0.14971197215088536
118026,0.8357703910345976
416893,0.31402755566255275
446131,0.24067418238760652
157777,0.3357909208164882
255830,0.15149231416285522
451081,0.06196173369599419
385835,0.15714708229284133
259734,0.16324090341071432
298444,0.15089019425455516
382666,0.09305188674359448
304593,0.15277744268711266
178579,0.12494789958521764
336443,0.22534169104818363
328383,0.39560686076574275
168078,0.6969551326606551
295787,0.12010025648961727
174260,0.6563102923537635
431467,0.3600017505293854
221717,0.3666145007804461
370362,0.04074018913983427
376355,0.16725834653886162
427654,0.028011182749890513
289923,0.35302691778346434
153233,0.3172378332042556
234232,0.580897863093603
231589,0.08088806845190095
423706,0.13717838970097734
227653,0.07581551826200113
230864,0.43809131733427176
176938,0.6742543960239015
198714,0.7113007707946593
241018,0.14439330132334693
421975,0.04228459996531743
403410,0.17584364123847085
213317,0.5162890043954832
448526,0.05992236894545481
140040,0.42795736280202906
405632,0.36784245183651276
274961,0.18583997536664643
399451,0.6175414836850204
368702,0.6579997315231184
435120,0.10614649710478256
137167,0.06696538380488706
183490,0.0796086303932871
162022,0.6701054100638887
150901,0.8146032556034841
386827,0.6087702711025915
248056,0.2054327846529931
102617,0.654209729971416
380228,0.4760480484452926
256431,0.24250283477059784
255600,0.2664156544876884
306767,0.415745916869548
310485,0.05631602377587438
296433,0.21048645741649746
199846,0.44020474392065995
242642,0.38922984036333763
297840,0.3279886467657195
232063,0.320517259174281
325473,0.1043598589879862
270764,0.1576062639696274
312791,0.7611111195482316
327629,0.43157536452868334
213179,0.03713435675833653
121281,0.6680850389384612
228591,0.5545117302579239
357370,0.4158670181530968
149563,0.6023733263272955
249333,0.31684024517188875
193569,0.7622995327649413
325136,0.20168467137103085
202078,0.11190092572465772
211333,0.07825498554760965
282812,0.04655002512240769
262418,0.6004356982087155
108993,0.7714081566909228
397051,0.17562112179139397
138174,0.4841900302153517
215614,0.31952319483236713
370968,0.20208317139266022
241372,0.07346886578547725
106296,0.09871305506039661
236939,0.15173821159074888
156274,0.44322045651582065
119989,0.5583948635034948
247394,0.5107843737073048
205960,0.22220511604563853
395443,0.03761892990024366
263602,0.4514731314950633
106214,0.2039371706145105
385899,0.4139290392485291
344504,0.5993760748458199
121280,0.2622605474769498
106721,0.5483799705812261
140338,0.05610569935283041
377429,0.1807108319443975
436963,0.29625651671711306
188561,0.4347430382184217
152932,0.1658895403429836
346099,0.5124089234078131
115030,0.14824265738718725
438578,0.035136151976938125
324512,0.46731179061587347
440543,0.7442544201901544
135943,0.4194167229916198
352053,0.24386762739970058
307436,0.22173218669729186
212691,0.4760383915959992
268616,0.12029482787210476
130325,0.6827251722698143
418005,0.5335715584537412
368530,0.17118050310788802
106937,0.5943395733610799
310166,0.08910216043203638
144570,0.7764645325498475
448284,0.19000278077414048
278616,0.7360982802030723
363243,0.26985658974994325
190619,0.49010766305083125
292839,0.058570161637033456
284844,0.0968004803711833
101570,0.08423642503308257
197191,0.1803747930080587
242553,0.04074109022360901
244238,0.28952127797338456
184936,0.22459480831790873
354111,0.12742675846191673
344240,0.16076526269514518
139256,0.12677984461119876
234943,0.5759289982799505
246396,0.15391981128398663
296695,0.047601519319726934
310383,0.36797027862751447
424270,0.6657487684206256
195371,0.05814217382011371
318105,0.08367267571286909
143353,0.12377206669640162
298131,0.09357007738144733
213775,0.09497871496772689
407121,0.19442305740249924
305121,0.8171370256092849
121046,0.04014994308899289
170255,0.37478338551527673
453844,0.13943017793555884
381444,0.13734132855765224
212933,0.3310068230529539
441874,0.11580967601272467
120166,0.19897111925447825
117633,0.0833887132404497
205565,0.05115578001295873
296790,0.4471108775638258
331193,0.5334055530943895
433535,0.27257987150808344
360801,0.4238405249178809
217651,0.40397841865364575
263004,0.23777131308296123
299136,0.3090858689121634
194677,0.2880249554569859
349047,0.3114633406606564
258488,0.3415842678120747
336903,0.26302426386392697
443264,0.8260866830677457
200095,0.5150003572307961
247904,0.11912197275376309
240901,0.6554850876817371
293942,0.3161859374644735
206640,0.18582894279004153
218884,0.10179862986358787
337080,0.11284609849537444
200657,0.5469330427580716
401901,0.7312982256600783
113318,0.43095696344040046
216551,0.5893809584929174
104376,0.4505338999907232
121078,0.7150075298203551
164808,0.40373124174737374
138089,0.2615978231917498
331697,0.8318561450640443
152148,0.25974348727545793
403542,0.494385394344311
131405,0.48466930566616495
332318,0.39865887844457976
263489,0.7196676358236409
214861,0.20773499104539647
434283,0.02227135807631812
194879,0.6559056631650321
285996,0.10949667453699877
402821,0.4358179711083074
374677,0.492438252200576
279461,0.24854542532859442
177384,0.47104900068176847
103377,0.19665944899818463
296285,0.6579046547491962
396057,0.19442069388111538
366806,0.14288473292036175
185893,0.14431339035541446
403969,0.3213767053219338
454261,0.07319881193363625
435118,0.27337429088226844
347614,0.3701203760895664
101873,0.7331752951397916
135304,0.527108542762942
308892,0.3491158041304819
347071,0.6553453536767198
227954,0.35514546197411595
117406,0.5333452353462016
224494,0.5788714727937212
115341,0.7164570101516757
132456,0.43180798366672796
207887,0.12093265417735843
361632,0.38608599716641306
343968,0.312795705208901
196500,0.10575773758259784
200216,0.047487920988928733
237728,0.482119884527208
266014,0.7460845409115795
399092,0.6743817945597612
347876,0.40505035700757863
112847,0.09115795488676742
208263,0.4367256279124785
269701,0.2671150872258915
388842,0.06215464189006491
253844,0.3185119724826794
293851,0.535123051916107
168722,0.7502365814525415
422527,0.20519442146166983
198421,0.7348436530689851
339382,0.37183345709586907
401593,0.7874364087851672
179314,0.07672245703003178
333392,0.04186082132076344
376636,0.5860840354249978
336569,0.6921896258805371
423156,0.13033525183690323
314073,0.19076710161314392
302905,0.3576043815620923
265723,0.5470602577870043
164300,0.6817220011724917
445849,0.3425452091159947
140426,0.47353022172543124
297859,0.0806328267771322
167037,0.7489515264210331
362891,0.7971143068400681
178172,0.07392015929009878
442306,0.15333228745647953
354708,0.191787931385653
102413,0.23993114089793532
222496,0.1086273357536189
147893,0.7943397075323804
154447,0.11911411239883794
302639,0.5855010539397703
178432,0.12126606109619072
441209,0.4766765304789488
341429,0.5179887535242341
220143,0.0727448635621723
392939,0.25988990094761943
343458,0.07179931456098862
140719,0.09304328663352529
392399,0.22291654663375277
306193,0.4909921805435196
250176,0.29503331783829617
364428,0.10189945456203361
300788,0.23634243777639558
155049,0.6678574450044309
287006,0.31455408262997925
264667,0.31332277301891415
131641,0.47410720788852456
161468,0.27645994982681266
339993,0.19307171854606525
133107,0.281191641048595
373631,0.26665736772059967
322093,0.32947898315649876
290941,0.506816474731615
190590,0.1504377831077125
298165,0.6674441225936534
223456,0.8698492786733909
259908,0.507384021724212
302670,0.27486067149631727
429498,0.18922504956838132
286299,0.5244921352053711
245926,0.08271303431777172
438341,0.4927944059798662
285417,0.35343163311333864
190901,0.14942422752983103
255371,0.11592045227476962
295443,0.6534241832053389
201727,0.41669568033812865
258974,0.05592394591277726
246010,0.0642118250285857
200523,0.3323114753701505
441375,0.21653334355882797
255061,0.7800024446003413
333687,0.6509732216150996
330965,0.3385772695836697
217509,0.3888361228437192
126984,0.47480941246135605
235977,0.47425250927532026
397281,0.06182469550078101
160954,0.29237134506477647
348644,0.6621100792035731
276444,0.1258640221574781
274521,0.31729227731390164
209126,0.04183892320502628
195369,0.41449510960667846
133501,0.7329695657700086
100772,0.21448509612122674
207163,0.6077704356702472
408249,0.08075388272228422
256993,0.04376133179033722
357458,0.0718335742990325
450233,0.3760291971644777
274954,0.2888744775235
284797,0.10911746947152927
146571,0.2782955572218754
154215,0.7133533549020228
301530,0.5883611738531026
204885,0.4725871355019608
113201,0.5978438820692346
362635,0.03504910805379592
158078,0.15157044396529365
208090,0.138865554335942
339263,0.5116057306444993
104861,0.15546914312052576
216510,0.19078222787746307
292501,0.7439527179724871
334032,0.40419527479369594
179960,0.14245251635312448
253918,0.5774478719895444
323147,0.7017864265557427
364660,0.1235692255193431
283483,0.3071797101128853
428080,0.5028319003179436
161315,0.2961092545917654
271875,0.38394291399546154
420851,0.5783512044883948
337412,0.086669497331966
105366,0.33349270723907626
390908,0.4800921522779722
256825,0.30353164786486386
402729,0.46250239778799196
240495,0.2871554260019993
263992,0.6735977004748751
351446,0.0334004622635744
307816,0.24636062913142767
445907,0.40637843562802745
266461,0.05743496073138695
114480,0.01216360158580423
105168,0.5376557088317528
232309,0.47986450518951906
352351,0.4523829828766393
214406,0.025008778897235438
217669,0.27929559805556287
415079,0.09171052199044484
449148,0.6337469664412908
392132,0.5594177442258551
247378,0.07678753184921404
419162,0.16627681591637214
327150,0.5416827276440732
111955,0.0900650087409471
203245,0.20476281869324858
453494,0.27362530397553897
249832,0.8180993887880098
294136,0.41567427175328386
395617,0.10216370919126971
195504,0.550864992090092
399525,0.2483933709830839
178775,0.12956264290809522
166688,0.23590098190946968
385081,0.20593794841271815
252382,0.39692000179578363
158795,0.6215731612126116
173107,0.33176476052631654
310654,0.06010800316835823
106873,0.418301748667607
383825,0.5085714339288708
280679,0.5088664837416123
257678,0.08384104625795828
361585,0.3200196664520627
407306,0.6032075994518249
302303,0.49514845892921583
246631,0.36925470505360863
273005,0.11813333484473171
393189,0.03827084132091005
415517,0.214956075611939
306144,0.07092664376021755
191883,0.6152983225570638
392079,0.059936640961011235
353814,0.26552426143208024
254940,0.15046471822710514
376097,0.42687809751153244
415531,0.18738468501401298
153821,0.08862237265053532
187899,0.30758498399700646
412038,0.12560677259427375
275280,0.2858889951466204
409949,0.32158028225173035
252764,0.6728020873217448
156291,0.11159263014508207
348771,0.4307028601365364
449894,0.36170837287060853
205360,0.5281460212170128
298216,0.12573026996495376
239766,0.4428781014830717
360893,0.5511745954067292
392741,0.2955446468864208
159951,0.2619617352130912
254411,0.32161562392621357
414375,0.3340287707517369
329393,0.5588969118363629
169395,0.5791374603100302
144716,0.20307814949426203
322367,0.7178791152333658
384821,0.48265522118337034
225286,0.4457708751844956
148198,0.7740424377082178
299705,0.4789960244412994
428701,0.22411514808890343
204318,0.3534120801563023
183086,0.2824269820532993
187809,0.283371104586587
384186,0.2500637285036009
188792,0.22689769520406566
444183,0.5068467964958692
451282,0.24956899221793966
145709,0.06662860148347358
189357,0.24857443491047593
202232,0.03619195301804898
324437,0.05052568058693627
447600,0.5103509955862329
167192,0.5677823950173476
273035,0.06207359633439968
217981,0.08612090474645971
224797,0.4970506336690452
361177,0.06837913344865712
388195,0.2145719815977609
402362,0.5344647651041529
320094,0.2962662916383519
311475,0.6539198513391571
339409,0.6471993136454746
306209,0.7010835201110497
353122,0.4590478265884754
307520,0.20619458011883912
170662,0.2866374705179597
259411,0.08407242095226972
256753,0.3761397563843379
172353,0.06175194270954118
354421,0.1486115283016394
247083,0.09695459962961064
191222,0.19975676826699681
429851,0.09286082154790051
376648,0.6036726661570355
116395,0.4612740798946124
189965,0.5667439783421968
253930,0.10550810436662122
413592,0.2566336036859785
427157,0.5292299963565614
272928,0.5758919541704698
178107,0.25328029171402267
224241,0.7655906756362845
395515,0.4080190412603369
303085,0.4084868490330842
439620,0.5975237749527819
351616,0.32426694283493995
224912,0.0910021295909597
348094,0.6596550518221773
423077,0.5616376610400705
155145,0.1976718837480388
129553,0.513344198304106
182124,0.2625508109190045
356556,0.7230250646880615
440222,0.3145389395800857
270417,0.7787141335338508
437461,0.2302035990526377
348176,0.6571019748188002
345922,0.45546357462237763
216219,0.4126610053924486
358394,0.0938685071119967
234151,0.09396210211529799
395159,0.25871334583975064
153034,0.18566245220493677
250415,0.2031573873034036
194877,0.6475668709652541
449821,0.07481065822030893
220503,0.09413018157929694
378114,0.3598269128245782
416897,0.4168594918984881
225545,0.4414891384828012
274847,0.738995281723347
134216,0.09468977378812742
266629,0.14974975377351687
402705,0.23806520121820904
448494,0.42477253121081004
314351,0.20648964421400104
138831,0.3210752562173558
106155,0.571329543871204
135872,0.5725153994430839
147515,0.46025361158389555
240932,0.3456461330355259
245967,0.44537618584903166
390065,0.21472263498471084
160822,0.14903777562352957
442718,0.25556208830744837
272787,0.45258655303965617
279074,0.7809895724787352
353876,0.12505355200390464
243114,0.5577467054325315
297385,0.805144969433638
199586,0.2537805983047712
298285,0.5073103217695352
325268,0.14685476946885148
261551,0.09565433378540276
312176,0.12088043786604975
117801,0.42521737556401973
283691,0.09483373653744245
251413,0.11780612132334868
232824,0.15543591990671712
424832,0.4642920141087738
149569,0.7321713961511416
443031,0.14831889239336585
195876,0.5394908860042937
440359,0.21845135456320908
156269,0.05451388625970446
282827,0.5255318461622039
334252,0.1872998401464808
441000,0.0665727381066346
256824,0.10095746863395626
418012,0.06243391314508941
306443,0.40140241581863406
335713,0.04145263369415748
202216,0.5115748576987845
394959,0.18061271967000425
174538,0.46705262601006203
323568,0.4901001976429169
388679,0.3353640271695818
152838,0.10949715699210645
336870,0.5404502983465825
127432,0.20120386930777281
316565,0.652164227668109
275860,0.2014049914649002
272722,0.08525750356295335
134405,0.19861843828220918
153834,0.24185889391236864
224282,0.35416692531961597
242651,0.19610212010487602
145389,0.4130735317342093
440238,0.12780439898382295
229930,0.08580755532482082
359921,0.8089874556441297
323962,0.6891172546761433
117524,0.3251592270208077
120891,0.16915137981587064
406925,0.038957973745435096
441228,0.07824175706970392
384877,0.06733566104103057
256678,0.15765315319891424
433359,0.38617555036708634
436307,0.5858491086866923
131889,0.13846228689157047
409852,0.1260074782573251
323938,0.15808683990519526
237094,0.4389244998420339
117525,0.47425705207539215
430473,0.5208718514874887
410372,0.14102650364991395
425336,0.6932345157847375
342555,0.6824838539186084
421690,0.03307519800091333
240717,0.3928801090613854
271638,0.21419959088709878
360838,0.3017489285715663
142210,0.11975323274684116
431867,0.1921375977663582
364043,0.15813571814438684
436722,0.5011713266980476
222060,0.4655092155617456
294821,0.039395048021971975
369953,0.2504500973141734
308164,0.11840568325135158
210419,0.5879212107027126
166452,0.2383651494435698
445193,0.48421366327479703
374496,0.04085680123801311
408176,0.16974259870996564
106428,0.3684273614494317
329347,0.08778851360505772
402057,0.3582926277475062
270572,0.3771007498023165
369109,0.5050678626756564
309964,0.30045815037306073
135823,0.5063468153028238
356873,0.26361119011857276
451831,0.2860167119053539
438187,0.33324041067169713
104058,0.3575831373125851
318019,0.31226475231234085
138046,0.20519442520015213
402041,0.21243434676545503
335683,0.1057834392739535
301837,0.3974455608677826
194986,0.5066585558217351
135264,0.16994180376878754
166570,0.3887183316545198
119607,0.7779329634477664
220439,0.7200510669637492
334459,0.47894853579630053
328896,0.07560003704604686
105333,0.09505793697299339
413263,0.4882338025827224
142756,0.3654394329943487
417925,0.27633483489498273
430124,0.3279747059212358
199166,0.09006446467610578
201008,0.7260358064811697
137453,0.29414980846812416
256296,0.6185157878728624
266396,0.07029805588648758
102062,0.4213858799924235
123794,0.09595397086744303
402542,0.20902996038034852
386294,0.2553415624889085
248861,0.4189884677714106
454922,0.11611467623010586
340630,0.5776863163991599
348491,0.38485995337665807
393232,0.2429496717247241
314627,0.2636088226542843
276405,0.06189098160501238
277846,0.12050774995869526
233431,0.20616817470182613
308100,0.12998292671719683
402212,0.295056014628191
393257,0.49380317597617873
346775,0.5671415132861072
305508,0.6257239307950124
157121,0.2981276445365741
318320,0.34929416245278516
375290,0.07759587206136398
160465,0.18740955114789523
276508,0.8550381216972124
291579,0.2502352719626075
346409,0.37221233747073257
337449,0.1431290979194387
216349,0.7830353959579448
368351,0.5034855852718101
122573,0.7003918524395426
303106,0.4654591247313283
249228,0.41355940413868836
306047,0.054720472051266816
282735,0.12694014476245202
120108,0.06522896326908538
235076,0.18922240612332877
422060,0.1293512358035397
361124,0.19348070825743913
259620,0.48179081948006697
387292,0.44114084954634264
170549,0.4463259204812062
248207,0.34286025596106096
384657,0.14945068926401248
166038,0.2831877147234083
241026,0.10901025445216952
169202,0.8504038247305089
159293,0.3084145603826829
138128,0.1733722501084435
244949,0.5169394477443412
405633,0.16995022402956736
359261,0.30556317555714635
273921,0.08433808273860413
170199,0.5030379234381406
398254,0.061602585172988666
278185,0.5874375303045011
360258,0.6185737611410125
283361,0.07508543786866556
374227,0.22373970600988774
394510,0.28115299245998276
195051,0.6399347019316233
231940,0.8404480932695244
266117,0.37334699924855813
384504,0.49178115337346595
275884,0.6638204134025943
145623,0.41867562459936875
424244,0.24666945927550402
129365,0.3312868830086905
132216,0.03172676292440956
325830,0.27608778922266436
215608,0.2519681259861776
365910,0.15350271563166024
354257,0.3560411328196755
284682,0.4412529854365242
118271,0.8573902472425002
356057,0.33493398556208637
170033,0.5523440600236542
163268,0.4560716521078769
390259,0.6794765386495649
185313,0.1612029228483343
449499,0.3799450709273354
305905,0.31761927031559883
197872,0.22931022642254606
101428,0.5911325213085022
217800,0.1958073323422781
369846,0.24379270875104733
141826,0.08615995098586521
309837,0.10616211709504143
228351,0.28960558561599237
340858,0.38105057842647627
393995,0.5095443523289309
379520,0.6673308582132947
432626,0.08367491002173641
326411,0.023570863884837628
285376,0.5773148211337329
406008,0.7238406292752814
378907,0.46241263513517555
265988,0.33893021059793244
446320,0.6146687035466118
171960,0.10276456706023193
131163,0.05775748256054133
252522,0.6268629783807136
260632,0.1252761410359432
119148,0.38408901635083315
241763,0.22031175655695118
155020,0.16104472476623558
450817,0.06857359130920415
282605,0.2214505474439506
295921,0.6884500649772866
137878,0.37049141377457395
116925,0.12469954361778422
249040,0.4603745110974102
425411,0.11994142944636928
339787,0.7346160738536316
450244,0.5458252670957154
142074,0.19393334106177135
279265,0.24314690040818185
150785,0.27437238139793796
315460,0.05383031691777841
131890,0.6619279873502146
303980,0.3987989089502091
348181,0.6626219158022822
376804,0.10305275380601363
324895,0.1552759316263923
243170,0.15756355362612132
430887,0.13633257462495715
416872,0.1415466013372932
272031,0.146670079655096
143422,0.12492269288681172
119820,0.6311085994000888
451512,0.046584048219422074
428219,0.3861340281207825
398968,0.4959760975926003
140779,0.18569794232754253
335851,0.22746107045141925
385867,0.35308032076965684
157903,0.09267816001807141
396588,0.6759572745609487
323994,0.19614439585461782
378352,0.13344468925741912
385452,0.20356624065915346
128457,0.46231683356559927
128597,0.6698240788608689
352158,0.14351040342227236
197682,0.4038676009594933
365805,0.42658357453667767
376239,0.16527178988216293
442366,0.3208954370340531
242796,0.07480108732073612
227701,0.8338949320366419
204314,0.3475608743002681
101345,0.107929188511143
371753,0.14324929650496096
387963,0.755049936763329
407164,0.5973169720161177
118973,0.2854168232475268
152832,0.7909331723998805
174551,0.20293811972777542
251217,0.4832746688036371
218772,0.4397806423553277
129631,0.15393555055048205
123622,0.06752675411002858
238627,0.11767529530414994
430195,0.7455241375814078
343931,0.21763912058041676
310971,0.5122327311831173
298367,0.09432814382686747
254916,0.13251681406204094
321398,0.48282351822844943
188521,0.4468616237099362
244387,0.7736018952928054
405650,0.8650563132017838
212245,0.6228924368270078
134150,0.34595140068728636
431916,0.09575285419371019
317554,0.19258283260366485
202895,0.18234388399701001
378106,0.18800956801688437
427153,0.10447232977430768
405232,0.6023860496845442
455962,0.3395831166381116
330942,0.41468262136359385
318390,0.3723634594057383
241933,0.43776497183102936
173250,0.7637413161769042
179256,0.7812482212909823
143874,0.23733399578498646
248239,0.4442988697170638
140967,0.48191163399142484
291240,0.0990963683193663
369096,0.5201969658221463
371500,0.3258329866391495
245784,0.35462982809487925
339396,0.21106466311063712
208117,0.06603538349126467
454678,0.6726748384490808
343928,0.2654759021703451
311261,0.09479270207704411
269408,0.1236895380141408
266471,0.5855690807930086
173942,0.16544635041823066
265990,0.4697242357192596
281620,0.4647429770563902
247086,0.43777816114201135
444602,0.7284833315005748
196210,0.6554382230392386
397739,0.12315409201410248
444053,0.4267686788284789
108192,0.3707108490785942
241390,0.11786960112624531
224495,0.4473338486695292
317117,0.6636296187437488
165027,0.18539998468781355
104045,0.31098860824916924
220010,0.8834551798975229
133515,0.45382671801049423
152170,0.18464183150263386
448039,0.29648854474837805
121037,0.054112372890456076
448812,0.11687674070418667
361565,0.13889335361807506
129049,0.11225607433810758
398368,0.2539777611017666
410913,0.34884441743066835
381759,0.383225325218199
324020,0.48790945022720605
419163,0.24867121376181026
126366,0.19731703971905326
388053,0.689036234876863
130302,0.470586148569892
381335,0.3398814716796883
446616,0.5654485558010887
198865,0.4686619996380395
416292,0.2800926016058163
161366,0.2703012481429247
280091,0.24148816526414585
301478,0.215150347731197
163524,0.35685843679026885
119230,0.1748225720145576
269693,0.33089246923431603
140752,0.17556241560951985
293556,0.08916520205913826
272104,0.1671933839294577
112835,0.13617490598925694
130281,0.5336670724607061
364884,0.061835394628564785
192390,0.646237358664909
234308,0.06704789197178748
402042,0.6548615918796433
152565,0.2850357320476167
239056,0.3721926181613457
394476,0.448714693608784
105832,0.27160267522579423
176620,0.7298361087947892
150223,0.363262569842036
192082,0.3452546499042666
430116,0.16586335681910203
432752,0.12993445356484415
217946,0.3827355183690434
294230,0.4176763281176499
168593,0.14952451138438722
246745,0.6882920621588982
288530,0.5828446911658032
148255,0.42670745891329015
176522,0.35020339260138267
373927,0.06153204959307524
112003,0.46205328097851567
354851,0.13020040308465444
168796,0.5892890487805038
422524,0.39544901053601156
120946,0.3045464638159148
150299,0.03582174529822712
358895,0.5730548293650083
341765,0.5328201425466733
400556,0.5223203679688393
435248,0.4700686780975882
161812,0.4645542253780009
214488,0.5657709160634912
385510,0.3533032334309728
114651,0.10093062326127651
275989,0.5721132756209762
145554,0.08439477912964871
138044,0.0656608136219022
235799,0.7270367839914071
238327,0.4597890958027401
399191,0.13600412009391497
232790,0.16502822120180086
260117,0.30735172533572014
415078,0.4648274166970867
382114,0.36698588881823946
401950,0.6672777982242033
318176,0.6773266134489178
298152,0.13425448291905254
208707,0.6728197149267343
331220,0.5877950415816547
270415,0.22161110373657553
342298,0.2067969805382182
419842,0.7871091821640582
141388,0.7214590713344452
339845,0.3613072786526905
161771,0.5071219815072651
103629,0.06472112676313337
187066,0.5482298792898194
248095,0.11677841302736224
224978,0.393920058289816
331641,0.18394070729146877
407106,0.09605592407123406
338199,0.09688208392036453
341024,0.48723215339107756
130358,0.0784590180141537
194188,0.06158595891915922
450035,0.33683463378604217
348954,0.1529860354516168
433047,0.6255566136571079
204905,0.3595515615142541
248934,0.41701998912338795
195617,0.12480572609864206
244570,0.5987166093387098
348606,0.11067257030326899
308732,0.2148649108686839
396931,0.6262567875658167
353035,0.6930164508271991
322491,0.41113488150989896
129313,0.18402073602618194
442401,0.7261178664893104
115038,0.05826915986613772
336558,0.16226896753698464
265732,0.10842845448941148
266186,0.09001611465681975
313795,0.23322730194049124
377176,0.3271292286523868
313781,0.32561721542942207
337191,0.358112211858209
237648,0.4681421293989163
449972,0.03903850396907236
452929,0.2988609126250608
122017,0.2907591249716442
309617,0.5933953603707169
386023,0.12780934233021526
392386,0.33996709435307093
230179,0.153665296226876
437735,0.12015306777353706
167968,0.07477227991369599
106373,0.5970705902636168
131691,0.10394157035216751
232423,0.029870750178778178
331886,0.08596204690062126
175027,0.7026271780326776
223521,0.0682711790141736
275469,0.24997571042471722
192657,0.03185388189248773
343380,0.6347907009498399
185968,0.5746568766569585
195096,0.7813845010213878
228414,0.21640685401089688
323387,0.09562522021698344
120304,0.40587301060141207
280021,0.15812721613558306
396104,0.10107535177351663
266453,0.5215241543115492
453479,0.07523960439311626
380229,0.1229905993839732
297305,0.6133233271046512
265463,0.4343804572315934
311996,0.5540413271784251
236293,0.22007042944012856
209773,0.6755451537068243
305869,0.1681298085459872
300411,0.3082853323548671
347255,0.27945722708687715
358076,0.30113709961212876
323549,0.3454547015557072
174327,0.1693606243871225
332833,0.671557321841316
358829,0.4310879593370461
125388,0.1598979972408477
153873,0.04155826682881513
336178,0.6741493787070273
407528,0.6495627194692213
454878,0.15913904353325684
341421,0.16536449353253063
406610,0.21883340809863228
308231,0.12805590113737253
192526,0.6123024512123377
443040,0.3189213387246788
288540,0.23919349669345508
318012,0.05925085942310036
158033,0.2823226391160741
151016,0.12395661847387153
435890,0.7101811223169979
149254,0.12768430359481922
335017,0.735843147912325
283118,0.6925056341751036
308610,0.334026738983846
349193,0.35768362282219246
147086,0.14153821030807176
216284,0.1759340077737922
178589,0.3873410975307605
164574,0.3760072280989818
339659,0.25801191374329546
404302,0.29659484053036167
159024,0.8911547022897288
414252,0.25387379040280805
242125,0.16392281028875072
298139,0.07462941595608671
102996,0.13118134970861337
258645,0.037867386659077525
274927,0.337474799674824
169598,0.2506936578400089
408168,0.5102718486644662
204183,0.09298071051043892
413630,0.304291922693553
220181,0.1245171188006003
258281,0.8174184377457492
300087,0.08818339924593414
316083,0.0727460136851415
336887,0.5439131253157103
437820,0.17853532479213233
300346,0.0961393443872518
163119,0.8011811819971904
412800,0.057236164050131974
167480,0.18442184252487442
296935,0.28187915746797304
337007,0.37430862226239964
436799,0.09356682622221801
110625,0.5610116147778547
248601,0.05209136175163714
215367,0.18777880267441935
275922,0.6802215439704635
431593,0.5203074083594497
135113,0.24507790357872142
421989,0.5094841050345703
150310,0.0740894565193895
151920,0.20180838189457553
439468,0.47308694651886685
115846,0.6704972679383162
168516,0.2583978727869656
117218,0.1518890801467442
150866,0.20490277830158718
434680,0.32573176248432917
366236,0.7347974392768125
402271,0.06274563964071078
348999,0.27925119787727876
317134,0.431037184599327
294937,0.6043196423553457
269038,0.7647124800729331
451225,0.09055136477695323
132340,0.05130268709465091
243681,0.19045099070110688
169989,0.03495998512158785
341562,0.657642846893465
345202,0.10193092915608191
333518,0.18848618520582122
384751,0.2603432716977192
133841,0.3912706539990543
110326,0.08096292600313672
287851,0.36388076166769556
234187,0.6113259392494125
179186,0.7881620856693777
226551,0.5388497130903601
340387,0.26001739919718503
406475,0.8196608634635146
395373,0.5223650339812417
293234,0.42143688390142764
180388,0.8551347947315318
369593,0.45145416274763694
335072,0.5571279449626946
326428,0.289488703929068
135011,0.4446593964354603
161845,0.14165166170534116
260000,0.14978875216962997
391756,0.3173066724903705
297252,0.6712620881958982
344292,0.11139058261503647
395108,0.11767818507486254
151024,0.8603001194019654
359609,0.5392127383424115
330272,0.2793367731575207
175809,0.6624343072992962
198730,0.3486161112718288
243335,0.34308536871121215
450421,0.6972387852984682
385524,0.11153668764181768
278972,0.6399044636112696
205909,0.14145487988296726
367392,0.04409471744403215
440562,0.3782321104419446
390990,0.029200245299913774
149680,0.7642997276595476
104445,0.16893040334716544
217034,0.3813460010359693
122856,0.1804367640854066
262702,0.3356053868634943
138177,0.3044587658964419
444893,0.14481621378007514
413635,0.6358969642017723
120176,0.1967744665667752
450588,0.10535713627085211
287280,0.09840646534312902
235743,0.6099991310116183
108383,0.7272556867422936
143320,0.16767339901664016
382878,0.5223130727121973
386824,0.25257138815378605
123854,0.248668334548527
347021,0.5626215870328192
222309,0.13191571272613936
359232,0.6118917293426327
219359,0.42844795245246564
170148,0.8770849418875609
217772,0.21910162649105544
390087,0.49734077767573226
261676,0.16604209552892613
226334,0.16320290436683152
284061,0.7164301689535116
168496,0.6391884057472512
263105,0.41665396478921374
126016,0.397281757598251
157960,0.300805137992315
117293,0.13019816745560497
334671,0.30540854827176345
213888,0.15897130414144983
306554,0.5534830822156523
303548,0.1156470503211876
242043,0.2545784235070878
265346,0.01387511499086601
280348,0.6854466068051999
348698,0.6629924645612411
356857,0.3618541355160722
105074,0.5667236116418312
376644,0.23000284098015103
288741,0.2785548025854792
245577,0.21644574609324427
226827,0.07948144018054576
189761,0.4722330215942414
227989,0.42505765750332664
128782,0.7108690730623987
431766,0.12409037642138195
136261,0.4715592695771016
397785,0.24539126351828364
176450,0.17661178709333952
139834,0.36021822704377887
118358,0.1594026284078115
355284,0.271873825541059
110471,0.7082299992794489
141832,0.09680570556029874
221500,0.6263790544974459
204255,0.5601973344661911
279187,0.046522945724126685
414593,0.745994614118904
340698,0.11405029317621747
244168,0.1731691451383283
284093,0.22879792012454075
412478,0.048800124858641866
149540,0.21004242782500548
190383,0.2793495072555612
388182,0.3672684396408024
144385,0.34758304640434484
260959,0.4817498883978484
268591,0.5159669964638817
304982,0.1347455487340848
274715,0.14291834557745484
211085,0.2124462990586508
240312,0.05902386483130955
196594,0.3449901095338376
266867,0.6469291866285547
423009,0.5454386505126068
115521,0.4813626581295297
263640,0.6322837419736733
208842,0.0691556260818352
408400,0.05310848605149333
418514,0.1276058481143824
301883,0.25673605280129763
414093,0.5037825628268834
148935,0.2201911650549855
125450,0.5459113042402659
217913,0.16090171638214293
123086,0.3022795847227336
320936,0.5118205139744053
424361,0.5610308237536251
340457,0.37059288713302674
380014,0.7767711216091887
403982,0.0499038351278191
203862,0.41975093586703677
257312,0.3241360423362077
249909,0.0720349944760273
207928,0.4301113341630807
365523,0.0932491658139825
208833,0.6661734652795366
139226,0.12810578867769565
449158,0.6425577627473125
300462,0.3684324607345783
285366,0.7511680383482039
282100,0.3604434776750249
377759,0.11183282412292053
171704,0.25426318942314524
102863,0.2477964826314985
221935,0.20820428481890796
327823,0.46814434527524357
201600,0.3337866207922002
103232,0.23949719676493367
248568,0.13215125571799513
335727,0.8255077963492229
234267,0.7404453068696805
336319,0.4102374392627817
292333,0.05823656573507596
382024,0.5298737363339667
319561,0.18349721890309806
248249,0.39266277944073946
432301,0.25944787070552205
408071,0.2663516922743226
407943,0.17368803080826106
120459,0.10880807368429894
182071,0.42177817402797085
258031,0.11334950976727849
200126,0.41159331784080166
428774,0.36723757712595934
147022,0.2904385390144074
143390,0.13268654235351285
102344,0.1551657491031735
223375,0.5829997120439893
142198,0.21412096128117836
452820,0.06721495941930743
396625,0.8048125248547339
442321,0.5596243262789381
141611,0.060815988037824044
448642,0.5470530484608028
280862,0.4550352846275655
409158,0.1518811548916935
430187,0.1452865332631345
213430,0.07546248162183032
128044,0.4823737537161445
423149,0.08919395448877357
347340,0.3040648649756423
308179,0.09685578208675205
273606,0.31350068679090926
355704,0.6751852601624563
192151,0.14788077444821585
125224,0.030408240319227973
163299,0.5991946480804883
279286,0.47245826644833416
139075,0.254490858481754
303678,0.21334537748850352
235804,0.717616914195832
136918,0.14657183046949818
338604,0.6958977657661131
324731,0.6462308297950206
142803,0.6238646287711285
101762,0.04899672813089835
261357,0.31277722064763475
427653,0.6323120213880414
277964,0.1987217468958128
285525,0.030150852630452134
181524,0.16187612047615693
430048,0.3354379011565675
136467,0.611348989931534
402080,0.1369292555513508
453871,0.08634528722020895
190916,0.1489836825467242
318609,0.10461811605187592
283433,0.357286220216774
144729,0.4621842931365815
107329,0.13815446484943436
414621,0.49119765270944465
331944,0.20219081662874397
141753,0.2798959046704001
453367,0.35176984081629487
454674,0.7951751369845071
388202,0.6037871705563996
317713,0.13870366325653305
441885,0.07646604923972551
147133,0.20405554471574744
178881,0.09389449296359809
152785,0.615396074265424
177030,0.15052355467535122
213983,0.19882685458417015
238127,0.45014405002502755
219170,0.1975816794135416
147847,0.07150762396583137
160930,0.03219820572747541
332897,0.5334115275182837
381156,0.061686630600936446
393985,0.26059800063338445
177386,0.0715459372648914
394095,0.03362849158491511
343241,0.5633720193962622
402534,0.5509597532808858
374307,0.27319096979283486
174520,0.5125940808034467
365110,0.5129827981024379
202005,0.15081942921993072
294383,0.21869263155489843
412641,0.15047963630327088
391771,0.21718637263399124
101269,0.16898800725344723
449900,0.22861935607798645
131565,0.10673759383843967
326929,0.41871786102329855
174690,0.07928082299694991
311262,0.3095029790016426
135369,0.6960442441018878
362369,0.6393803752931688
293985,0.11550722381670325
328588,0.7038803424509147
392012,0.2219878924656442
329000,0.3069796610453311
120240,0.18884402192719624
295047,0.43028106720566456
333275,0.5065032682176938
269736,0.24480049817388908
227413,0.3532434217193623
175347,0.3314072015137735
228512,0.31975818818627344
352468,0.4282547935214398
261055,0.44152276484580977
424007,0.3759778310879212
307427,0.2768329155910707
107955,0.26800030867618774
351422,0.1412488576102334
183042,0.12186209782385432
243077,0.17534793137391505
167495,0.41560210286217586
172680,0.20461249258404368
383454,0.5331684619942899
169370,0.10850729793777666
237952,0.42368612939212624
242860,0.2299203756374419
149342,0.0785364179382826
451442,0.47800249563173425
232054,0.18422727006229253
236283,0.16358544773811554
267689,0.09172582565460277
273625,0.43560732899232724
180747,0.04462848635122992
393562,0.2952111990704102
401586,0.4667742093464585
322419,0.12103876069548315
310693,0.363976097779748
363539,0.06522005995280873
369528,0.39654455067061745
342812,0.45543504680004393
178592,0.30867188120670896
151066,0.30884268165211526
143195,0.5074837901449559
381187,0.20878495097308847
141870,0.565172810924974
233594,0.5389545818508191
282990,0.6410475697690222
178821,0.20916566671966916
413558,0.5776104904782463
378066,0.5594114967829397
452658,0.14006363607058614
418568,0.8032400905754855
226884,0.2963671184822169
141634,0.4870243787617807
341172,0.3080295817346277
442797,0.571856519726612
440927,0.077118709536198
119236,0.6567866552896793
121363,0.0793505953901801
354386,0.35136256389926646
130211,0.18007474039813745
100385,0.5220337758855608
146500,0.16191277234686874
415024,0.24210292755643728
297372,0.04399457717930655
135299,0.33242856545565125
166543,0.416918695927685
256141,0.3137053055007287
369803,0.14169260004361978
311316,0.37738820719901756
403811,0.42026255387910605
318008,0.5845628891114016
149536,0.8666789387120845
127643,0.3808164046709123
392534,0.27196427770028686
181704,0.2778647945834005
209479,0.5338152930600099
159512,0.6535155246989799
336183,0.6940431432920792
216607,0.07794464940715064
350825,0.2490755538779415
365991,0.5702563717439731
337868,0.11440973676173546
363299,0.2677304518456815
122301,0.2170489565531072
140827,0.4147384466975816
172612,0.15008818127682078
262576,0.4100325486671698
387325,0.165869719534866
362146,0.544779319709383
322348,0.761043680336608
128048,0.6931546236729852
101258,0.19558194053217035
135188,0.15465517190009978
258524,0.06002645545635112
185733,0.1177833035733622
274574,0.4035036099956071
444965,0.38960814853240483
149154,0.3519957338992219
206039,0.5330545159075837
232122,0.2915724286969029
217323,0.3131686154588101
102935,0.10798958254435002
384692,0.3995799822985637
113188,0.7531982725455265
217596,0.021983689291616103
223144,0.0698009523967297
377765,0.5162119124138597
179458,0.0885436804231637
237280,0.12358502835386927
151372,0.1012570715444684
439830,0.3939125368883107
304811,0.11571678875679879
181649,0.06599721884165947
373464,0.16471286338544247
245766,0.1322697406983623
311116,0.6497887167188744
303884,0.6047281891343237
390620,0.5152166637861378
287894,0.8350566548299729
406939,0.2388576477753593
309493,0.03168182624794616
275203,0.21349765443753987
197638,0.5144980270938042
122785,0.7465010824735018
146614,0.8678709055647891
197722,0.680802150228362
202907,0.22540994805370174
189977,0.4536840469547336
324149,0.28186861248629874
187171,0.15772314645404445
350023,0.4291508654427885
192105,0.5371581588964042
248767,0.7444912006183106
166858,0.06673222634304177
349265,0.33536383899975286
160406,0.2596419186657444
243700,0.7665831603521004
422534,0.46151508047036494
182355,0.22832479143327844
104479,0.1499598732018095
417625,0.6852353351710057
148893,0.17239355664970943
202252,0.7622116219409689
281373,0.15042335915369476
170285,0.7108886503527257
419143,0.30641038469834536
346747,0.08794620027460523
105532,0.16958787439621148
181160,0.35070667921361204
354322,0.2777915188810009
296335,0.6258535164984007
242690,0.8054507685384072
384557,0.1622872170063898
134773,0.2696932365661677
196162,0.5186752152528833
301360,0.10879999565388355
274297,0.18801019038891173
427254,0.17140880698223881
218948,0.20545189105731282
255018,0.2875497753452995
108987,0.17155317105864715
448801,0.15121329748090806
354024,0.7341170393942457
133816,0.30727371390838326
127970,0.49395987153079973
442875,0.19910021268445882
338417,0.12850573589888542
313153,0.6940775255593202
170361,0.5010947322882192
149164,0.4502507549643921
432320,0.19364007250392548
330789,0.23949983469555725
100552,0.4429691021589498
157125,0.2038772315981155
125145,0.3534921049760981
193789,0.32579041275710796
224925,0.517774109818131
142239,0.15555244697934795
203124,0.050022032465924134
366789,0.09885878508508102
339252,0.31382526087072754
118717,0.4263647546411481
395271,0.112364777668877
302007,0.5969689649423168
179298,0.24673484177566457
218207,0.46259377174716804
415519,0.49977774334619385
368358,0.5527270439729028
379484,0.2887972620458573
236950,0.026955186385380282
407783,0.5419566750840159
247910,0.2432518139497472
284811,0.1321783523532175
428188,0.5190235379564585
248628,0.07765907967156338
241130,0.40976153191820636
114755,0.12120887026668145
277893,0.6649438057198326
215898,0.09526483114962846
390508,0.262966343420251
293471,0.19069277818864963
102019,0.7539143098800068
453940,0.1044003172185861
439294,0.23417423282862268
396866,0.17089950124841438
140327,0.7727515133518951
353610,0.37725444724889373
374827,0.2360044494980724
223524,0.040944119683040944
219036,0.24699712295481818
394317,0.06020420451138956
419139,0.29305558075742955
189284,0.5986933923237571
119648,0.8476352559828647
413626,0.6880287638885889
331868,0.16551543420921405
130489,0.4981627545582164
268445,0.2768380310280418
373894,0.6753036598297806
418460,0.5353130909758097
189272,0.17300405051416748
107130,0.14714789380181775
233401,0.6340896536773141
347229,0.07775582393752897
251022,0.15011910248084864
245468,0.4973941722119673
269655,0.056153092606705375
418387,0.23134208131561793
146663,0.4733042434861666
402649,0.19222335896430975
432221,0.13587315190764274
185454,0.07969006805914687
385144,0.2850439666129322
144850,0.04373351003889936
122635,0.6096604751619082
288911,0.7833534940671297
313501,0.388095482895926
384759,0.2664148811398384
391184,0.5535978182600182
154843,0.23840196565771465
283740,0.06723178184052096
111842,0.17954519841596903
236995,0.6444717369872286
377720,0.5785950224340127
112303,0.5592392512153402
178610,0.061099156336913166
348812,0.21580725463958253
151480,0.3562370414634187
207856,0.10748224075485852
135041,0.24437202085241141
407336,0.4368427277720656
404382,0.4335999447801003
365663,0.6749468256983779
215157,0.08211450536960602
237144,0.7028249926201219
393055,0.09974771522074204
443618,0.662302978293291
148849,0.24876267920400355
166891,0.35126892047060404
133973,0.17602140685934467
168438,0.18242992889219325
162801,0.5839501078999888
351407,0.8091806809615205
342656,0.681942999867744
406975,0.47455124048264063
450602,0.2940765828060788
140700,0.17765029016372313
407097,0.03542828992201702
307424,0.29958001743081464
212637,0.38667914824317196
424947,0.6067854565423522
175223,0.42513279069829685
295453,0.12360529743900833
368887,0.31546684495972926
261980,0.5330879594269051
383197,0.22523867247607515
399261,0.55633645756886
430962,0.6719851504580888
250226,0.19921701235791503
320828,0.44793356581266836
348077,0.6608050427190039
151058,0.6360409231057522
408489,0.5454195551434272
106906,0.3302355778698137
245748,0.3694223074729076
330368,0.18934689606700636
323920,0.6915926696448492
197540,0.6376096350062045
270486,0.7082522534194875
102416,0.4292215748903035
225499,0.5910630983544922
269954,0.13699774323907324
322372,0.5433197137316208
413917,0.7269347445443586
346934,0.1308282088689332
437556,0.41892937772251204
443927,0.11089071452933157
451184,0.24330941047355123
160931,0.03231235106075946
229224,0.3258325487622786
292126,0.5984924887814141
118560,0.6822848223004198
297712,0.3625342430545417
129178,0.2663208788398457
285224,0.2582032783029304
322521,0.6216212535241828
128845,0.15624364618764436
317434,0.1636074951536124
152818,0.16351132183663059
281118,0.8013446049550981
209470,0.514401791869769
408406,0.08324460551187098
329942,0.3122199288484574
433496,0.07235053087745337
406308,0.6529312281294454
370455,0.3333763757225283
212610,0.16311356746379221
258925,0.669067549824938
193987,0.2602597625847391
187168,0.21657191170760545
250153,0.36710754692024095
364337,0.20689052362754498
205323,0.17210787451007134
222626,0.16100594899649853
402525,0.26123745388574027
339457,0.4681819993187603
228248,0.15313503185583544
390144,0.42711893803673723
151100,0.26318941768247783
331480,0.5174849292727669
354639,0.636352741270332
144065,0.10799531395486177
143528,0.1056118741083246
282950,0.04238274223454941
177253,0.4783839744426662
205503,0.5552715027601954
423696,0.4991772697108588
124079,0.7171579559273369
149310,0.22300793140874642
246877,0.12541122282699185
275769,0.6989626329981852
145512,0.2673425225996435
440497,0.6460441280589836
156050,0.12321403887758285
205886,0.6670057827726432
400460,0.2718712890235078
261039,0.36808263123545343
386276,0.28567008761363066
440054,0.6160340162790741
321936,0.7664599793212592
284315,0.04926547467286465
114056,0.7025237075121962
225370,0.19191899351019734
267035,0.11452061498083267
199015,0.03747195266808616
292364,0.07311816966659783
109709,0.5321935873868915
304828,0.6870409791034083
364224,0.5643610369945283
295261,0.04197353266909495
105242,0.48341680942084875
156189,0.6983242516815309
191506,0.5438887158793193
163493,0.4074289455231981
352925,0.15668381291949923
240188,0.24335489297798046
432132,0.5497106461704994
240866,0.7072685414557685
405509,0.19209449845570858
409551,0.1056829805365097
415757,0.6234505805493707
199862,0.35599130790030786
117614,0.25302303774877566
425968,0.3475328036946644
442404,0.05299306001690071
318657,0.6852205753803338
307801,0.7150396536091664
353469,0.7267133154012368
255568,0.17728515410465392
276366,0.4622829067796644
227752,0.04132678739272928
337039,0.10856301150572635
428236,0.2855335645452949
356086,0.29754609270185806
445853,0.6904475242280664
297004,0.0723335401098955
349543,0.04230977522249423
233429,0.756560791812102
213597,0.11977792301170459
370921,0.6647077725482924
389443,0.7855946883323681
434176,0.5556212294873835
342222,0.025737014457119834
396754,0.12685050306854187
376652,0.3317280054546324
202982,0.4865800716322528
439197,0.051836728739422744
245862,0.12660963091520963
231924,0.38123542409595446
311679,0.04708438951451529
364413,0.45602216604252954
314023,0.22773676884236382
251737,0.20706585915434594
450266,0.6637047675453118
230788,0.5325528830482531
269211,0.0656253968800382
147695,0.5002821906141196
354335,0.5857375529924207
129857,0.6979093607729142
187164,0.20708319240536696
333968,0.05146120356604816
211244,0.7794213877236191
222061,0.4215867338340922
344783,0.33060357879540103
307929,0.24747288225016456
305460,0.3067102629482746
400136,0.1662662388212552
208359,0.3106967711592033
405702,0.5887898629421132
110696,0.6254220532619753
245948,0.4030262217979535
189799,0.5225605076365359
344172,0.13018039702169082
440632,0.6321825740034579
232535,0.3814151484067327
232428,0.7685896751983904
311728,0.1023858386709743
411856,0.41550143480358376
291180,0.048323030567301264
126850,0.18327802633523835
288891,0.36760841536370564
295701,0.14388627267459791
356998,0.8922344199490279
302063,0.36759821579751384
274717,0.26461044699671904
255691,0.15366571177731578
272799,0.26294966215291343
390633,0.4604628119389259
248644,0.07021629291277232
366741,0.11589250980369674
161031,0.04906732990866386
278844,0.3266975523893399
317774,0.17169387711337553
110637,0.5114675918711392
399016,0.3822967663935035
297173,0.08758037829723485
319522,0.09307049121797405
442746,0.32631018075045215
399903,0.24786829110238423
256317,0.1584028376134159
340567,0.1021336560704132
167529,0.1924408877279483
157562,0.6454930340455309
433370,0.10302878031060105
210555,0.38408322906867104
216272,0.36413617253440156
375201,0.10928934155905641
134865,0.11447722929680292
452325,0.2827199796615877
255373,0.6579673014758308
245955,0.5337042457223243
174754,0.17217338574858776
308184,0.15934976732005018
184338,0.4820437186601831
282737,0.11139165471286608
286930,0.17597030159782692
417452,0.30868505104893496
165721,0.6863340867751357
215016,0.10056479587405685
177314,0.4687905791622314
379502,0.4133182424329262
190354,0.16487735214595078
174901,0.5577539635118914
287272,0.05596816483012802
135387,0.4507497732621204
164436,0.16283026367237433
285897,0.5341918549474272
112080,0.15851427593893622
352738,0.4541702587540066
363121,0.39611678108906745
153681,0.02747507862465539
402523,0.05628471258830179
323354,0.37515843167818425
170330,0.30586204375066034
293412,0.19080174086512744
179501,0.21139020234748154
242898,0.11033619740463842
340285,0.15771393078501303
106391,0.07110466814002553
158551,0.4116296105627863
346631,0.0424500187582007
443918,0.09215791334819604
282338,0.4503577472470262
139375,0.19575469728346448
430210,0.47958068727818504
263576,0.05551905540339585
218600,0.4390477737775838
319052,0.438698175694325
201677,0.5799262253853759
335140,0.3135901097890259
245057,0.1289338215281506
298506,0.2803043059759546
283816,0.02117589809550664
439049,0.7800486181182653
418600,0.27720916824320946
150577,0.2672254209882048
111338,0.08678183137734422
167578,0.4489858907864099
172695,0.29301761531402604
171169,0.1558590741180664
451278,0.5978449439904547
441913,0.2729099223939642
357631,0.7506375837471204
215711,0.5511355617385983
383806,0.3623459010304558
292360,0.10153641966279219
136663,0.15460692975587895
114853,0.0971479797126134
175056,0.6966571822612727
247701,0.05829006924908431
455538,0.03753700947660396
218118,0.18012214832575732
122904,0.13924230377852861
254042,0.14509933433901318
160673,0.11071910970342269
282292,0.31337161285881127
209918,0.5478933311886577
370827,0.6015803472182767
311399,0.26913161703915245
390343,0.363749950151499
175997,0.15542264051752644
126462,0.1430350473282557
268446,0.2634561961462385
450458,0.5472179401710892
253731,0.46867222907676054
193394,0.19001438622056527
165513,0.5455163545173972
423153,0.6921732461386774
317323,0.699023569112821
250361,0.7669347993310281
194280,0.34043758968714277
214407,0.31265745050325966
360628,0.20924593214441264
207201,0.11672956815763194
408662,0.43947474985883306
220747,0.7960967981542767
233721,0.16261308862551613
166003,0.4244768724916489
395262,0.13179302998957174
377862,0.23682188241991964
364065,0.04904132984224058
129728,0.11338603565954104
416484,0.36978639859460927
260101,0.07348840298391586
265620,0.10148007213016555
332552,0.6275136648488815
235214,0.18778720957947873
282702,0.06344115629083662
286890,0.7869080137365208
107843,0.36064154220809647
384208,0.17545567440042492
221763,0.08836520244450131
432509,0.7567305379029817
395233,0.5958907364378204
371161,0.19216706643731554
303162,0.27336230723094634
364492,0.4217935945185553
382859,0.5324046645052083
179750,0.7683492986864027
145679,0.09873154523064712
362284,0.11493453932192996
309035,0.1169774812410739
438771,0.09088913446422928
119348,0.368209100176575
157291,0.47301625994877555
389440,0.6095132836244503
323615,0.05119933040222148
165182,0.14477675440060064
102259,0.32745593909198434
450658,0.722487186779696
318897,0.12298823177947958
156069,0.8303777900639723
291303,0.18873557005175953
409167,0.5358887211824357
261653,0.15638246884686946
111694,0.36620684821021904
323088,0.4503450477779445
303619,0.3972914554565549
142038,0.05160132208191184
103092,0.3051781222599628
387843,0.38155345239294214
343205,0.15980479622186983
238129,0.5619106370944525
336823,0.43361468206471043
192872,0.37968325751542936
394898,0.12550053263302668
270302,0.24764642652818986
418598,0.299356560968905
217493,0.17473385351564025
296287,0.07881096278568481
152369,0.6498229433128883
158107,0.4966321564185682
337326,0.0827605839210862
304450,0.08085128058051687
221411,0.19775777028942407
201375,0.19768771313175199
140084,0.23126149167472207
355184,0.7063932772481967
336916,0.6495766142350105
239237,0.14972848260345648
326385,0.20422365169377882
266479,0.15460459101495555
315738,0.2717578585016269
413383,0.4175670934584096
410962,0.2631495702464018
206776,0.7796562240082869
290681,0.24530016466412677
157203,0.2490883358497078
259867,0.12297429238337412
164819,0.8863136245959975
377750,0.6548540491821143
199924,0.5536600215294234
451248,0.33152369952630495
150179,0.7192533348531653
133041,0.052571734523512624
430738,0.30442544714270386
108767,0.6008836408398818
107559,0.6305430622346561
407322,0.5496283051970803
145440,0.060775887857577
273941,0.3512316533903984
341943,0.7510730376299855
132811,0.03772913644392115
167091,0.20875822287013948
408933,0.5607779801891885
176359,0.40009320978009866
397306,0.27232839409217696
186599,0.1602604352886398
385566,0.19133959067117443
354684,0.4030058020009495
191850,0.21661710790664054
122751,0.4871224515612128
172481,0.15622031620030774
313809,0.24198514235144217
208974,0.2922098704386305
393860,0.5727890370760171
184248,0.11644260536643566
326827,0.4269713236123475
110014,0.24440465671452052
155768,0.06735654828902787
105015,0.1096753241325331
441463,0.017185410233903728
402389,0.16375300788417893
238586,0.31128208684786035
192483,0.06765885503246304
258406,0.7181729459139911
274453,0.4185189614018743
230941,0.28620929745895846
139903,0.5369148985913101
394873,0.6032380326348824
130134,0.70376173045203
377721,0.6074463081818255
232968,0.6364867444605279
289244,0.39568779487856304
192212,0.46198285833277547
142167,0.1666161807589005
111537,0.12383829206136876
227025,0.18646250428540453
251423,0.11425449377772447
436401,0.3050851850215323
116829,0.16244622149909502
313099,0.8591336578320329
233059,0.4773661370373796
247147,0.3952026965690367
229888,0.16445865394398393
199344,0.6338304967742691
304917,0.1441840136779752
412714,0.16322827564620446
424834,0.5856729554753971
442250,0.02648629310606138
324146,0.16534172995376714
168651,0.690468881649811
112677,0.4629156245830401
163487,0.45325187254028004
179736,0.7712533153712505
132575,0.27757754647917304
377970,0.08105400564738773
336220,0.14712443409241752
220479,0.37180438213787725
216714,0.24541181836997022
263331,0.40676336798298884
278899,0.2992826424283602
257477,0.7810278184304835
142430,0.31186964879582046
439328,0.2489637706478261
138127,0.24963905481339285
170783,0.147848025608635
265380,0.3953216019842843
195326,0.5824069079121036
218165,0.3304098770991893
197645,0.02991830391729909
113066,0.09811926930681539
248204,0.11533017556507301
456166,0.23658305276233602
413596,0.5566283669173223
231757,0.08151678821131134
397167,0.5662322679823536
345906,0.5028361857181638
453836,0.36726411902803635
410275,0.09269902097203711
156996,0.2630853047201748
126351,0.1624212853920309
362487,0.5429180166452802
306159,0.7856091521108288
253679,0.11154012615074872
399293,0.3600104174024589
389981,0.04388462286118815
236094,0.13714819451774451
348283,0.39919309835466027
327187,0.5706784000026656
177448,0.20542184417532727
204282,0.5291226139261637
165687,0.3832425439478278
279595,0.6911920133497982
319365,0.46841712747423647
357096,0.6059213465634755
220686,0.11801667107312946
119251,0.5740334735672044
294129,0.21940061451043258
208337,0.4197263143944455
425425,0.8644622117868896
223272,0.2793738778244894
356536,0.3629604962594157
296499,0.26322693369048566
318766,0.3281937637933883
159837,0.04869262967949279
184333,0.7082781424564375
235778,0.6396376794659031
318669,0.4350618230571352
413759,0.19648032856889072
113930,0.4412732906682221
196198,0.06458212821879394
403837,0.47321954096898095
355708,0.08281088630816764
319799,0.13151550702109405
209645,0.6135655456250806
163021,0.40431616579798907
104529,0.04780440992399503
450428,0.12574784276051806
329885,0.18944107838926308
204139,0.6761782350634117
289702,0.22082366245966767
242185,0.39194477209661815
286124,0.1408767830413587
376082,0.16974265758663099
251727,0.2951332982668424
276306,0.5776689148947288
153394,0.458603515847071
127777,0.5599963407787214
285932,0.27863781750407096
396331,0.4381977330851465
236143,0.14490502904001043
284075,0.6339943550525611
150784,0.21997111545304912
214844,0.3647754187355018
316382,0.025473624142781003
212740,0.16553371639881465
439591,0.40034652554242744
376353,0.09187682380269331
138274,0.3151331357554731
186460,0.07580246284463918
154955,0.37646652885196386
347463,0.45827941408876194
286501,0.5346657909991261
102162,0.25500191538036154
105035,0.828373864985019
424003,0.635285108844384
112988,0.1571413264768811
116729,0.11972622909408387
335577,0.17077964678440433
158527,0.17224002598740207
297514,0.36486276964487063
171354,0.5642625893208653
180587,0.14607039413597522
223067,0.08087856248883181
387193,0.6323005675584299
227281,0.22269106275073794
254359,0.14892461250830133
160262,0.13365361080420257
210414,0.5819088687906413
341962,0.1841429219745565
387957,0.5740661754314436
259365,0.6071973326710334
246564,0.22737723708198582
136009,0.30453638003846184
121066,0.6790514556417366
255114,0.4284914010899642
348789,0.5039927909721554
128182,0.05726850211052834
368557,0.49853442026238215
347919,0.11621526021973154
156492,0.6847154840419153
189663,0.423216264720563
312134,0.5968886490184773
206270,0.11127799126447473
210018,0.268411167484222
308641,0.19328844388928124
265596,0.6954286613698772
227325,0.10686956916759946
275166,0.5750114863476249
396663,0.37962604479878936
110379,0.7109416649321825
239616,0.8514200371008159
446657,0.7708578002818818
434006,0.7688303053317984
134824,0.5121948910869102
233305,0.26610436611407046
294613,0.6033820495695517
444367,0.2795644628875943
389426,0.7429864079299601
392212,0.4533005739231299
388993,0.3853912498896445
355880,0.063698935376893
317565,0.2685315135840239
193036,0.3442046027013617
417426,0.07084923235484474
213546,0.5589876556746693
356106,0.23925747184622098
212847,0.6369048399238274
294668,0.19791548292704939
136474,0.5488537217417072
273579,0.2220965059356437
334375,0.40484901170906146
441466,0.17317638466858115
342001,0.1524060284007492
251768,0.42197838107413566
328647,0.24133631601650188
345771,0.29901600702577624
151394,0.11082445291610256
273079,0.13189631688011738
105648,0.2801663111656606
452043,0.26622597736431836
259693,0.18128850351773554
135271,0.12273415142489144
130772,0.08528424518234182
264460,0.13708094505789994
272681,0.6803241777964976
292118,0.39013930806333846
324293,0.15292898596767426
276675,0.8486409606322534
364415,0.08099877524554268
197603,0.14549508959685375
235651,0.3462119027907209
215548,0.14273366664631823
432111,0.6826486493280045
200632,0.03302146823925677
324229,0.3253749653000561
123633,0.38543627312877243
424268,0.04643161170359382
213316,0.1549447851038463
237311,0.3261134016481693
199327,0.49295111880236997
358472,0.24439572332258463
187947,0.34935142828985427
417232,0.0630528038273265
439977,0.3922613561714556
313744,0.25261578771523124
299787,0.18580093788587126
416316,0.37354796746199176
285730,0.35110417139267286
307274,0.2580260105157046
174700,0.11432912483141736
413605,0.6275261881376858
121227,0.22987177168558195
133659,0.05146532859575932
401581,0.22857598873363444
431940,0.19714589623729098
271515,0.364241504864215
452451,0.5104093214249393
222179,0.21841638995256835
408356,0.17221395348056426
432444,0.8560775354037212
336925,0.05008380324097132
356983,0.4666598503395846
427073,0.41499812936322494
185578,0.18228201081378892
228078,0.456085544501853
299766,0.26444955881122495
413303,0.09141029382427227
221284,0.7301378706230673
298568,0.2701578026441742
272627,0.520376816937393
333012,0.739468166296497
366341,0.2446018756815147
326117,0.17790433195192212
384558,0.15378108936556348
336922,0.09328730322479163
116157,0.33203979381897775
127249,0.12968983886949165
333007,0.2749867666407403
239453,0.04598362747699733
249445,0.0930035506590258
406277,0.3358482121590988
390099,0.613584312915517
124195,0.22148730196113528
121557,0.19676365113447247
107741,0.3131318652816087
228763,0.3957331940455907
192655,0.11848130405710215
361651,0.20702007099013747
363834,0.3356943098151532
154650,0.4519358914940462
248268,0.3445712003543632
217143,0.027727184642033043
281876,0.7271622377428795
433440,0.15264285512417677
186158,0.17906217039282404
443965,0.7800422101628697
315553,0.5541056958348367
221531,0.39904488889127415
342084,0.45509595214428283
245746,0.29330446947110383
390283,0.5236520937640144
151900,0.5883110885710207
194607,0.747204985238681
198934,0.1137467859300599
255647,0.23710013926981305
355333,0.26294275150076324
411012,0.3815268662098715
111882,0.1994181309743873
228375,0.24414690799451605
201197,0.24261493471317466
234135,0.8137172379988266
307911,0.19702147284608962
118060,0.7745296161479502
274699,0.39466210633489757
392196,0.5873907954159359
265134,0.14740706081382307
255690,0.6126979786743524
254115,0.10345408265208382
305020,0.5843035581964355
151043,0.5940532910734478
344621,0.34039303526907216
280435,0.32281795547847864
413299,0.4063757864404011
349131,0.7241201613749915
345685,0.5758540005759747
146759,0.4427937111822577
186391,0.3774899975540089
330888,0.08253720905709087
434350,0.3289187430611711
156302,0.6823658439130855
354100,0.1019908716477183
107219,0.342666600177515
101578,0.2530342066138468
410912,0.23108960127548436
403376,0.12265507530045974
321887,0.07289447222848609
236732,0.08745048240612309
390492,0.5842540680806161
328949,0.29127957325096476
153209,0.1699966394295148
281094,0.054456665648449074
270488,0.3484507663702
423947,0.12957838743029718
437984,0.8229004951255924
411648,0.06625018278888879
242874,0.2533243127773525
264469,0.6390050237207611
349288,0.4169125979782524
105231,0.6769016412158163
288547,0.8266703483420249
451648,0.48625441954307275
314621,0.5772363680184623
176705,0.20837441576051785
310342,0.3238964559117791
160782,0.12633027406864644
317065,0.1381426813508317
281692,0.5282652610456744
297457,0.1617855666397426
401120,0.17421402697009067
105630,0.08261228988904383
221169,0.36888526613771977
301817,0.18811596373375197
314477,0.18244934012343392
306992,0.6818804368230666
240733,0.19229565010979655
198917,0.6023724659762147
399754,0.7435290498794772
243757,0.6508901496974655
118378,0.17955920895267388
133422,0.35321004053850863
206533,0.11698484028407644
155428,0.26810512047827256
111512,0.038824382325322655
280675,0.2566210070598854
264422,0.23894327247910954
358287,0.42837980551049404
282204,0.09341267503145283
290038,0.6026509499378592
276050,0.470369322127106
326871,0.24937012610990741
310130,0.2387158614310245
411024,0.48654679779032856
379673,0.6461102365628928
370027,0.541352750999023
130158,0.5445065033715382
243550,0.2353239718023266
329340,0.5708712930633738
413975,0.319514660446223
132353,0.13401710782543316
354818,0.08134775791159034
239140,0.7929783747698941
138470,0.18488651811548282
338510,0.4454725788039451
330905,0.3847941491067786
391274,0.14215318151040093
346245,0.18724107768418713
383435,0.20717811029975228
283565,0.07504224928863369
167928,0.39129825127642526
282136,0.2812397598435682
132807,0.06157853187327811
288207,0.5776139535002958
101398,0.12852557387473773
198614,0.34157328594603475
284576,0.3922189447934002
435682,0.4071347323126947
356889,0.14946110972497725
389875,0.05271023372273089
121197,0.0252924648445492
347579,0.12733170147934364
340586,0.12850838393259775
306016,0.08820624725217055
340167,0.5924623728548365
140483,0.4032618467636676
209164,0.7262616983285933
329749,0.43870892726379535
382871,0.45780575736629114
447674,0.6450739267929105
287089,0.5007595887713947
270436,0.6437297394300173
328255,0.17936788061858283
183863,0.4456802077897503
288876,0.2308717483768493
175464,0.3266966196293032
394606,0.16223013643562006
430451,0.19462165070663512
256754,0.14745056317941155
261480,0.09051744195629449
195635,0.11055822972745791
396428,0.19306298097184235
157109,0.23985447021890383
355201,0.09514563133183346
100931,0.0849658486567546
434538,0.7907853631548378
229325,0.1653050808746267
326905,0.563998644774011
296301,0.06714551826751482
351978,0.06167642466623892
287252,0.7075159468741066
319837,0.19167481394575397
176641,0.4783878905261792
455490,0.4278643161173158
191114,0.49568526280438013
297474,0.1441699771174847
184866,0.2834987610329212
221725,0.19373335819751947
427062,0.1927192964106316
191205,0.1220246575944184
378042,0.10492472735427905
431449,0.7655787014727945
215908,0.4780131404902414
145988,0.8039954151929218
407373,0.5274334699656696
254722,0.039649129542315094
235089,0.7505710021035263
135072,0.3772268316836412
149362,0.5365707353390053
392186,0.5052438361242848
421868,0.023693380568923256
181373,0.4359716182868863
396979,0.7660922475788772
100569,0.0913975013710023
272965,0.7209788530310436
257399,0.37987793276593185
409747,0.28694072275540405
107850,0.5097075149156803
233107,0.1237614646568336
341828,0.8673009078276661
326170,0.0871602712461811
196717,0.30668929079070834
138556,0.31637375912165483
370445,0.23376950298522844
148911,0.21574169440819177
420283,0.5132605273197783
390920,0.32237004584540835
355550,0.21223180876948852
190844,0.6562752901218543
439339,0.4742915201362058
447420,0.38612453662490615
203980,0.31821123183177047
164117,0.7551802810058897
252569,0.13785328548170414
101343,0.19274439819565756
262681,0.662865879351128
414050,0.8623625891597573
240707,0.5617380198585494
119745,0.5308645583517617
437358,0.4236423896441623
187356,0.3177234565855605
118622,0.18489277253686578
257578,0.07313707598937914
450081,0.6875483593433903
120748,0.34854154706294793
297656,0.09626407900287283
219344,0.5243303504326418
173056,0.08350299970478603
376523,0.15279407662688846
145350,0.46875203432858975
201243,0.13554553572352643
374909,0.3493212940303365
378112,0.29226805858053856
286696,0.35564417488005806
164314,0.48171902178929976
429224,0.1568712520096333
413219,0.14298064838612962
241752,0.3297228685982196
391269,0.23288190906589026
348950,0.11930892620749887
346347,0.34883874402561965
158218,0.3855203747333819
213926,0.25652331712548254
171614,0.10532267294209684
299632,0.07484334077388693
325291,0.7063688461702388
111620,0.541342446662271
168175,0.8038082111845335
154470,0.16704231802363123
230457,0.5908986722633636
222971,0.274203915686294
105767,0.7387992086594629
354107,0.6553943934264667
327602,0.27898244134050376
279392,0.25030799673793763
272235,0.6727357926828945
264909,0.6244644062506822
427077,0.31202675411519915
390357,0.2090189912116764
162383,0.2699156635225003
145281,0.5005699569953723
300970,0.07279154514403971
308678,0.07196134960403473
323509,0.09226800644734198
196505,0.6904500893470833
117527,0.4209459787786235
378351,0.30537474804229553
236798,0.13218775218177942
371244,0.11745231014790615
229103,0.12585514750180887
113020,0.5987260083446927
384216,0.4703137673284627
340816,0.19263840212862915
317005,0.16732698138024482
155848,0.22403733215643995
312866,0.10365002814909172
371088,0.5377072236678277
354740,0.2828501793032346
196388,0.6692563849714056
149119,0.19010709773988582
326480,0.15703950717488835
122387,0.40110658819005135
120099,0.1806817870868303
278368,0.36970669732892913
137223,0.44638186782968525
395900,0.16102770157303364
231556,0.7643547630955522
112287,0.1852789669703065
301766,0.382996059343171
171195,0.7200866229849638
399627,0.5405268575203331
202688,0.5187803985978197
182800,0.07807949337977517
337663,0.7472328103538176
402043,0.16183825721701448
417993,0.3918914006166652
348280,0.5893772532982692
259356,0.17656027852535472
113602,0.10835075885164869
360633,0.13867262367945704
107871,0.38328621404538427
339269,0.5945530819368031
140174,0.04637282137299572
204339,0.780939967682704
438471,0.15830714195740472
154060,0.25779847570523595
155847,0.7648468287232602
359311,0.026606222873445867
415730,0.634507133810519
436194,0.1451740034231155
199182,0.10091358854242223
120268,0.6474587665883438
323970,0.050217416648593395
335594,0.17027070188091967
196083,0.21102775158986398
293681,0.21662643946350135
256909,0.2666242309125809
407921,0.5076398843447543
283290,0.1840620629512664
297115,0.7041677059804324
404595,0.08750104438775125
444504,0.4358535480151718
433882,0.32293920799707093
449548,0.4007443003352888
364418,0.21386171797660256
158145,0.7103781749293483
365117,0.06818183135792123
206198,0.23645196495532936
444406,0.06592332408999137
374051,0.4308566696657635
167901,0.06965984807202376
307005,0.6078640267470462
311230,0.19524121295714433
240615,0.0823508193602321
388275,0.6604883031144988
177946,0.34390571187237057
257715,0.16568801805265246
330025,0.6269243466827571
434678,0.17236087154663246
338895,0.34502829611351804
352942,0.14940925791043916
100450,0.4251078888580425
338268,0.40521736991900176
185153,0.4224116967856976
403564,0.4191151539205794
399969,0.08532987340482792
363192,0.1083167625014561
165462,0.21692734035883274
112821,0.402939205564439
210983,0.5009948016798604
236107,0.29758375407875665
348462,0.090631031590892
267679,0.6529748460279386
343845,0.3748505250229963
279742,0.47488746042404356
418013,0.441557862064574
374296,0.2558509134504424
170341,0.12653186904786629
217423,0.1201156001875902
412416,0.7549503497211311
220014,0.26242452419924517
252599,0.10515242181526785
258837,0.73777922457619
281039,0.5994258275347939
146755,0.3189243583412546
254520,0.46262892959011964
276344,0.6278302586467809
183857,0.31509844194599773
266816,0.4299037562148986
422549,0.6415519255785235
322711,0.6823171413947665
258363,0.34882306452350914
111205,0.16809786623998074
295880,0.6982279291383253
139493,0.5800878756993846
165386,0.27125333382505745
220811,0.32902391269368864
170446,0.6951995308682464
325641,0.8352394437403144
407330,0.6301784212334997
358653,0.1151613020973184
401321,0.33945246790362643
352734,0.37444751776632157
433099,0.14558186378755975
124406,0.16300712923336988
455742,0.04742102147473742
141081,0.1796675390642587
235602,0.4033008554012374
260589,0.4089175094748315
412922,0.7520118290658357
170932,0.25897697409424986
333935,0.10968955828939887
198385,0.5153491621560297
250909,0.3944019235446214
454837,0.33659505506054416
183410,0.1837335082185991
184268,0.1447690673252608
225858,0.1691695767995735
122568,0.3835151203045912
101125,0.5149381785980844
430533,0.25673796129295595
356013,0.29620227649018877
297100,0.042504621757649005
413374,0.6525068295197107
133570,0.14590701001951947
425398,0.3250819546338865
218372,0.598892924836448
347712,0.7730606654095773
406029,0.31348894673664746
149599,0.36822012156109263
395488,0.8073625211848234
338076,0.17220067079629175
128046,0.1713529493419729
162406,0.49638171937277076
454164,0.33565361239614855
123136,0.847650083895402
163273,0.782593896409277
450917,0.09285912516651451
110646,0.29513660936204356
297121,0.3690614922187394
187828,0.07356914602881251
146570,0.10517803380423793
413734,0.45263373494351006
231758,0.10234949089968569
360626,0.06537726612362557
290508,0.1448411093585684
189587,0.6008789540829046
142012,0.19959512544282493
228059,0.2091037811232799
388585,0.11786568041301837
438750,0.14616527110014388
200493,0.4302715615799982
340954,0.42459295132380237
453566,0.1460458775469586
218418,0.22380056260234105
449134,0.2547438778487386
372893,0.7637347497734639
101922,0.43591186454048025
198099,0.3943835839949096
221264,0.17991605057770435
416305,0.3688472475193321
390851,0.156727047106495
304779,0.5063264763932146
309526,0.6465124508869615
365408,0.5128966447385501
290379,0.7016973327220939
167052,0.26979169820183313
264043,0.3674732520746245
376289,0.4227435173907994
378335,0.07122000313037907
179599,0.15569105052623233
340717,0.1995523513163521
344388,0.7619510463412762
333584,0.2103973514939015
233796,0.3431535267059993
332007,0.2627677910345171
339604,0.6634576675897584
330836,0.2581906740222542
205222,0.39776418561950627
255515,0.3299584491459403
212287,0.49861663389143107
193589,0.17003261037769654
290247,0.41131868256687765
126968,0.8105471081083346
397707,0.8059770604679368
112052,0.7955703226293656
395197,0.2548596636805893
336352,0.16617147679878422
196498,0.7119673066790241
358512,0.7772893837763242
324420,0.7532754062707834
353574,0.4386225888406161
231533,0.3907114376004284
167260,0.5521194215321295
424261,0.19549483465411246
284937,0.2591516140071253
353752,0.45572459457993203
298896,0.7899561389969876
167371,0.0801612393590826
266139,0.5588915507107296
402659,0.17060485141314305
358384,0.23620380316324116
247234,0.054290006279469796
277335,0.7144782850175776
374731,0.09396421525582802
330822,0.3198182950410317
230343,0.27319632719116627
238906,0.6687617445096642
124702,0.31806725724039603
198884,0.3439548524142363
176051,0.16212967076260448
281881,0.0749037928467984
437706,0.7692963312887527
178853,0.3067668633695533
183742,0.04987697367679518
256950,0.45657956701752894
305683,0.5547166977747814
267259,0.5378615524773922
253845,0.3490360467687284
122336,0.4204834665216052
391275,0.4935617925446407
219788,0.7520744683555697
293692,0.0847371075649897
387966,0.3041943314398802
401207,0.1345634770507144
205235,0.5667693729601787
150618,0.2035231979745932
115958,0.353309782295656
443592,0.09369584274356488
176898,0.5891234135140986
402277,0.40248088359251644
453538,0.21704838359911455
355385,0.23084519477096388
416280,0.298903819840832
153105,0.5176895704395378
175400,0.07226941745325495
197075,0.26069285502611805
173130,0.26657206875402994
275937,0.13651089114558496
308831,0.29681161914506016
398280,0.36544332161269616
168422,0.1461875887453763
256972,0.08314858835696964
252573,0.33370478483533006
451208,0.22633968037137914
340195,0.031918718566204235
189922,0.06135396570610678
346340,0.2518162025441322
243714,0.8239311342004466
300722,0.048845225587733014
150070,0.199616221781375
448146,0.23404261821606354
361236,0.381976282464757
434282,0.3081721396431604
234231,0.6675301775426165
198872,0.1898144459179423
431770,0.03080974174202455
450568,0.22957168286748925
186539,0.27135266368502936
357472,0.4665448679068503
404401,0.11270466364746345
242144,0.19363545097145846
214295,0.4162627337622178
195990,0.6883718447846487
309362,0.21297887549316336
118048,0.20595674307852863
423748,0.535923366703073
393537,0.08926610717698498
364451,0.08062508413183313
335726,0.06064488337373118
239788,0.6920883136518433
353177,0.32992933713483535
265669,0.12298300004325202
216902,0.20639712330319052
314294,0.5943921531501196
452430,0.30162452329182476
443253,0.14419201773640702
308116,0.7009609128336659
384834,0.11556861169493775
228697,0.5375982041088331
435069,0.4090034036977519
329219,0.6026310890672519
198916,0.45734979839106776
360943,0.10703207033289769
179150,0.18583691022245455
455902,0.1691638004047774
275713,0.5382054044417927
390359,0.6670102161396082
239845,0.1743216939972551
225546,0.22452182300105647
155069,0.10329380163190949
409741,0.16562546296462222
188653,0.13018870505590088
381428,0.8185789962761264
412765,0.49350475167692015
231211,0.341326255535542
110974,0.4441144684824708
373780,0.07551254982885063
302460,0.17158848543181204
440819,0.2701250646320093
425408,0.14000676371247942
162827,0.09924686760338315
187339,0.11416517050292911
281907,0.1315380495947441
326904,0.06953016009047608
233373,0.2752652065014916
209101,0.1479296708420424
247672,0.45961771976282845
353867,0.16291013261759343
108027,0.7643664203813545
147502,0.7993848899674919
228342,0.7020282209078242
156270,0.3097060181574465
408437,0.10622343749127851
420446,0.14997144282429348
125560,0.15327006588121822
254073,0.7370761630839535
433591,0.7217911866012936
392429,0.2563003453243587
199954,0.38744763942535004
424828,0.21252197264754036
321999,0.16786038156610972
375887,0.6721526802409442
431106,0.5510914800695661
356413,0.311436232212791
361133,0.12549318833621323
441284,0.09552174311187688
318486,0.6379012395092287
152871,0.01713195004734543
148223,0.08535901505775952
335761,0.43909452945321387
169831,0.448929195767216
160753,0.5400857169893047
409269,0.8057949536235218
408830,0.34185764493191834
410699,0.11701185692473026
229977,0.2968780632551974
222023,0.3993280302920152
215037,0.6698934904833591
376538,0.4263293375834305
119353,0.11944122066993748
257720,0.23236682628012523
279018,0.6245079434368896
267460,0.7372268512602226
214913,0.12213280828724768
164825,0.1703751693404369
238794,0.6564049606461552
209957,0.10371358854703668
145391,0.3855727077147485
363209,0.13937082814878415
264975,0.44053487872813224
422043,0.1936935353518036
440723,0.6084236653233285
425456,0.5714527259835137
266624,0.7074959491315713
228826,0.2724199900903675
445946,0.10155695930161096
199998,0.3047345249327322
374770,0.29137184404893146
141025,0.8161644571128626
110069,0.5552255576118542
438829,0.3582874919133651
272270,0.09858431059338586
441217,0.2996221341030563
439047,0.6088439774308229
159716,0.15442582271301725
304388,0.12114633550800404
366676,0.30444572196078257
321985,0.08281193212836657
411978,0.8148139837601557
265246,0.19863174195754807
401162,0.153947292270725
291949,0.13906600946930503
223851,0.6389833022236214
308543,0.14003272868247987
114856,0.817751986501646
247123,0.13418521398714778
326672,0.10718560163048167
298703,0.21768440124745633
425966,0.48189303266083083
191794,0.0451882223410006
366886,0.09006852687484303
106295,0.36510417137567913
353037,0.4744824586615036
278530,0.4381549467180444
292700,0.45873248391528104
150132,0.6952786345954743
326661,0.6078084245871839
369375,0.569124163521865
433872,0.2279138387947791
228455,0.1150584598882767
231454,0.8341152903124114
301510,0.4964360576844761
129120,0.5393528322945392
109348,0.5997410262872248
341971,0.3027638807676082
223518,0.27007134391060755
238247,0.2727465703858762
231713,0.704353158941923
263492,0.513312801255096
183386,0.472345451880218
304596,0.7538567185668162
263858,0.1613054374245965
368991,0.4401923892824339
333406,0.8135304740415055
342210,0.2539164987849095
162741,0.11022392596126551
279257,0.34644409026940787
407104,0.6668943538158548
281357,0.1438968742026553
224599,0.15895903954621973
130048,0.22552097634675322
373953,0.5400841756813964
394415,0.22926786254108888
439473,0.29676868232414383
271418,0.5810884235033367
308636,0.6211375182062202
429408,0.3661267283486137
447815,0.17345428166389112
161061,0.2830666352590374
170722,0.3199236089566617
202740,0.06612595327292366
249197,0.284170621162043
265016,0.2503430356559654
140172,0.15487256447322859
368544,0.13802430728767592
337338,0.8583455364071052
104398,0.696826396010212
315076,0.621388167856762
116025,0.5552528193714222
311296,0.4124012367627129
222198,0.3518403110456776
403838,0.2417972922214129
357047,0.468416393639065
130475,0.2589312684438949
218652,0.12592683933565427
115101,0.1512862714563304
443459,0.26199686095736363
413958,0.6082253679395201
112055,0.07535457697113399
411746,0.18173639142508982
279754,0.13208698213670295
202167,0.7120883029976911
315681,0.18235397149246996
356698,0.08608439094585972
201744,0.5464723403000648
362300,0.45484014549776647
422536,0.34895699431333355
401256,0.7295578917701372
402979,0.5948536339720557
142917,0.5805573531284202
221483,0.19722602737522954
247265,0.44711262949078034
145071,0.4033996113606836
124363,0.6933874701621676
434818,0.6274673228963144
119191,0.09838514079345134
228207,0.35214413017473023
153839,0.4059045577995878
435773,0.594197061809859
263705,0.416840703169121
345228,0.16447563348910055
190184,0.2822311504937771
251324,0.5636102355743657
112199,0.5348632293921453
269744,0.21340844957155508
342248,0.6492467908668518
273428,0.2213798817015207
419797,0.30928779595338574
339934,0.45902830893586427
240089,0.47466145126569054
203348,0.6288220258229744
114741,0.5893081857883258
442816,0.6534764942800602
113191,0.37778877139841144
149160,0.29655965993221095
207714,0.2420405048680909
420870,0.05104988059885984
300523,0.08750300458324374
301001,0.05915426885360421
142132,0.20093193189524594
450229,0.15245239537376046
330945,0.38144435334800436
109958,0.5560988434019762
103744,0.08161394225611952
277417,0.678190505963397
282145,0.83458068463811
279233,0.24474829720493058
456028,0.6910269626125545
328536,0.07903129228236443
402067,0.2954131526742183
196984,0.13325343930811823
403712,0.17585681170990217
185710,0.4741504572148209
407855,0.5195908836735098
300368,0.4028854295752819
156768,0.5127628128108453
446949,0.02537641329572798
388596,0.24535246253595155
440877,0.45816274128617696
169014,0.29029621962167723
280971,0.8804923041531083
421990,0.428995466340619
390917,0.0670208596008006
219723,0.4817282718408637
116168,0.4965377579896215
277697,0.8079312897462116
415652,0.1779505453470902
187167,0.393653660527949
336418,0.5187710740406202
408003,0.25648113057011496
376633,0.2182684340061323
129707,0.22573934525446324
138019,0.5963682007567772
140436,0.7396515976179201
165918,0.842920754914262
113795,0.39104070656887546
198193,0.08777032738881567
435153,0.10127611962272144
112236,0.3091271656897822
431652,0.03867695555052722
193927,0.28018939161216466
176925,0.49688691342640584
363860,0.09725355427306868
152530,0.27306501477872125
220417,0.3866718190134777
172661,0.10561937637638455
309473,0.4451217434313471
325645,0.45063447521039873
415744,0.2769031086101806
410370,0.22775435126819812
414992,0.10265712735526669
306267,0.2084540240224264
173477,0.03554280778002705
448573,0.1618066938542579
381397,0.12478140234694254
198617,0.19830374361264466
166560,0.20491077237168598
138465,0.1744634691562746
306873,0.5857124396559403
243558,0.7366562866173967
108280,0.8755213524503365
227945,0.5414145320124277
410073,0.18855506750685122
366369,0.5779986633442592
214006,0.10537708100378143
228198,0.1678885136602806
306970,0.8591356122001959
364982,0.6466466387819325
252543,0.1999562938849669
273002,0.5765672867703764
338836,0.686689549677897
316441,0.4700341265493514
116006,0.5732723111304397
162689,0.7353390953947565
117129,0.8356844666017416
402954,0.2657387620050782
266266,0.21098013990732964
316468,0.2503223045232615
401338,0.08227711079208888
223235,0.7608917035093123
396087,0.16803638821464173
398690,0.1499568904198158
312770,0.15715968185406903
116505,0.3320493542855067
282349,0.2766107205329637
152266,0.6883775536949286
325300,0.4907518293168029
379494,0.03911481031370024
323325,0.345879088470109
164597,0.05330509520540248
201153,0.08359404410391534
379517,0.48755034190293023
158952,0.27864259932399305
316186,0.07764345007717961
319927,0.2942456861847706
344635,0.6402303221077679
350021,0.41561986598302125
224896,0.5691563475567678
297464,0.4211347029302209
330014,0.5487453206687581
112692,0.5534885782040863
252113,0.20301553932159633
106176,0.682730611822461
407694,0.29914137685678605
377611,0.572359561441465
140378,0.7429877741502315
265414,0.25136787218065315
281448,0.30191780042218613
368288,0.6091779619827563
103000,0.0948431978853378
429256,0.1757710158379482
229042,0.15408547668862088
245792,0.47202204709828305
355360,0.8046446297105591
442742,0.7502404968956048
169346,0.5854830859195448
367546,0.17293052504515055
111503,0.5209701269249499
120088,0.053316318986169293
101697,0.6660563605473893
409261,0.3061216109075105
104677,0.06348211125028637
440309,0.08269389995336551
201730,0.21544539655380282
310669,0.18768594993029436
298126,0.14187724023090564
265173,0.09439025875162844
111846,0.6957479739019735
203421,0.6812541756868667
320369,0.1083180575755532
195793,0.38839555723944147
118499,0.37382021254207326
435681,0.5469397793035085
260227,0.5047437061875767
171582,0.800130649352788
212935,0.22222936157144568
433515,0.20610093215153094
210543,0.15643035959377874
278244,0.07388900657113802
340996,0.402150050540792
357157,0.28375213830325513
255829,0.2761587857088077
299719,0.639270759242706
271145,0.5775061273899593
339772,0.22281521290698578
207819,0.154569779497404
274326,0.3577141058358549
313957,0.24025894157604696
440574,0.7482069253132856
263846,0.5714650487609538
246724,0.4063004073968102
279214,0.13192665537404935
167089,0.5201610136242568
277710,0.19667871754324592
148107,0.33872630528419184
369201,0.3605079681585021
216751,0.13173647804173091
300525,0.11414329224845199
413377,0.3864999092437842
416300,0.2821724617189017
107359,0.6281771279790067
453618,0.11020500245390752
106000,0.6332203597976779
113894,0.27533165929776326
427110,0.6393657575232465
129062,0.7514616818791442
240341,0.36612799805786517
204681,0.038585468046714866
432609,0.28750985352753106
251598,0.7469852866328939
379052,0.45207028876142635
255377,0.45280373038880484
297553,0.0736121089413676
260863,0.49197559683100484
183417,0.2399752187497131
346727,0.2689737070433364
387371,0.31011971001316746
412211,0.2784784312694109
201838,0.0472266389823331
261835,0.057086485881566035
323636,0.19541098949328028
201778,0.37355798403455126
373307,0.271013199557757
333791,0.10800505936563883
158342,0.21608941983762966
242491,0.3372425565805081
232758,0.0963667169583519
193522,0.3240497955520919
415543,0.1110079944113643
223244,0.19987766759823233
404289,0.027375688362522337
363015,0.08714876032426859
182371,0.07012192374467258
330189,0.12030570348195585
391999,0.1308779619928739
216351,0.2664057325012234
305988,0.2565630033784401
104741,0.17592854380082956
424202,0.1340942625765799
224490,0.7024771215991379
409169,0.14587300747115547
322226,0.5951814910918881
291359,0.15023887610877643
228268,0.8358532399259248
334027,0.6824852074755202
104369,0.23056447681865846
428235,0.7973102579079082
294208,0.7192269245818924
318056,0.5852754483024171
290200,0.6578966934681205
380800,0.21360716779039082
415072,0.1994605111334017
106386,0.6137565684113147
439633,0.16926937723097224
126123,0.22421268053205254
183512,0.8373169157167402
272482,0.143811955578094
417246,0.3498493396354577
224407,0.3049215129655314
103478,0.6627619292026269
160193,0.10140995090895076
230610,0.13099898568227786
407751,0.5516131184137759
167264,0.47234914755804114
383814,0.09027296988069006
430446,0.3885770708298889
111857,0.09844656403105533
449775,0.13233205807847626
271810,0.400362463899319
377758,0.16466040768710594
252434,0.8049178292327492
341503,0.12840147356303716
423114,0.4116683501644662
330666,0.0818462809528001
430204,0.43609255196329466
415071,0.03832539819453843
307661,0.7612349188639602
264544,0.18221952402859437
407756,0.09902127733675348
143825,0.1963041158890283
388790,0.2319698890511008
145957,0.11702650409299098
190392,0.7108315467181172
332508,0.22127610011301233
236774,0.6962610090372936
292191,0.3328569113510036
374582,0.056837797305334
231782,0.43810171828506894
377774,0.2103458401989264
408170,0.46448390023575664
325971,0.13168355448919924
236631,0.07769288525708289
217853,0.07334824612928884
212089,0.2381543351880618
339642,0.6191408414232237
319519,0.1507713269041137
329603,0.4160394592512479
371060,0.26586340611216674
320336,0.4841261478180585
410464,0.12445685438260284
240138,0.6906169993081492
211894,0.3443025447918639
374888,0.287408961749989
210195,0.6915010992062278
101759,0.30341543863722065
190290,0.573753444319874
319313,0.173740841374712
291953,0.12895156495859217
372428,0.17705663993118675
376346,0.6028815778318182
332377,0.07007935307783955
303446,0.4467042878741726
206908,0.5109202207632855
436037,0.20118402781373604
177051,0.41969752980055247
200595,0.43435918421852665
433539,0.38322921575887076
285077,0.5047906416075124
240413,0.7981236687579223
208567,0.2919104779820541
209814,0.23962564796455788
163980,0.316174080862303
228125,0.1243389730149327
178453,0.271177672735213
301433,0.5376033227652588
386838,0.185629132869973
376078,0.2575597325950537
224380,0.6165748504132161
402267,0.324785614754867
248187,0.1019812425094629
350671,0.41932027820069373
405861,0.5992759959780641
384548,0.6747216486580507
225044,0.11384597478283472
322274,0.7142172889402177
208619,0.20652923834599715
452963,0.19095369091153297
311822,0.5209208796018738
293169,0.1584632933183186
211384,0.4692108353264374
453415,0.7213574607569322
107156,0.5002851572996408
104132,0.3218819396876652
331729,0.390339795706017
290437,0.22434013604495384
376486,0.22593050977409
381471,0.7651949637503743
158357,0.13437425793177704
200926,0.40225903104768895
181289,0.5804996926615171
420884,0.6568221024447701
356836,0.3106440826434858
453442,0.373002646805522
196221,0.10200243583128986
415104,0.17398850683854017
388816,0.721475429998535
144870,0.08916156411024692
142992,0.12557893123847608
284664,0.09002696079623002
120460,0.16919204491127957
417266,0.5871956850304013
109046,0.7952667999373745
198054,0.6811548838007854
134348,0.30976174418258723
215024,0.02612182445362549
268225,0.11276945517718548
106032,0.06441003583736593
240954,0.15133748523038762
220107,0.1704401124004792
132453,0.05744574234124013
286868,0.771085657781629
112867,0.3748261819167797
398432,0.46191498776545975
368097,0.13281902981520266
295985,0.3216354906201731
219336,0.3566138166100961
452356,0.8136625933555591
203123,0.1334083152636953
350708,0.039923967742086786
257437,0.5031005352162606
444234,0.18039505443799705
449711,0.14993453981685867
268291,0.4477662270458333
202900,0.37860223668902987
351014,0.28837721853158277
453959,0.26461296881789276
293430,0.17944274961344092
113599,0.45834672600699333
232676,0.15202356575807532
213475,0.4262191192427135
288535,0.6933435917731915
189314,0.5736040616543465
198907,0.3467330799999896
309200,0.5795822152482136
178531,0.7365852903832019
209362,0.1445313747249064
279854,0.5950770294088942
361515,0.06041346278424274
420843,0.18014636984516894
208566,0.3190492625398478
111804,0.7918720838608867
273107,0.22452801465489503
317648,0.7009581405885333
126554,0.17540476524448312
327537,0.10920209695068266
319569,0.2701259808368374
217109,0.6535626482372204
117755,0.5682832816060996
241817,0.5492980054173641
395604,0.5644658561471702
129298,0.16569922341625748
287208,0.270342220563496
346387,0.13958091505035355
435767,0.09001393088908595
379105,0.6832309542935239
206830,0.2207881077379941
269417,0.14347174263376575
329615,0.23307806342150358
227596,0.07611617374950909
258305,0.6610658967544882
337160,0.23576637140126452
223978,0.4712651304546839
441766,0.05911478790236003
452337,0.15509396058698574
376620,0.1434626239552658
376247,0.6858538212958312
333568,0.506929572724456
150245,0.11610812469809158
269571,0.5370970766730797
407675,0.38157766164908435
193541,0.13898766018958605
134512,0.6796670912737153
439937,0.27324165921009297
443697,0.8596317828642819
158470,0.3449606015898205
185180,0.22760138827736268
350855,0.174839075437655
402559,0.15879924234610446
414779,0.46262688349910414
175960,0.7642118350870593
104087,0.11971376138701685
315060,0.5475061411588127
138959,0.5281421936416887
390838,0.6165231062650793
154750,0.5378947424463159
372853,0.3865168123448559
404293,0.34897353311293217
449924,0.6618052726059177
311601,0.572776978952897
278414,0.42304340172171984
384549,0.052980819473763846
102975,0.44493561868636144
271756,0.4907098155145967
237746,0.205807974210602
242338,0.16673208620450786
317665,0.3834095142272585
219775,0.30562589814986973
402381,0.5144140690012649
399882,0.1818573939393528
134159,0.21121206018084776
250913,0.16271941134742332
320192,0.10482441786342411
293295,0.25584759429423326
312390,0.19755756480972325
101682,0.17815349258231375
206403,0.20348756537538784
440073,0.46026957740006497
344313,0.18159700723165756
230016,0.6968009180251978
379464,0.2705981644383059
100280,0.04640601571471227
118898,0.07868480492252164
305898,0.20214660931649936
365001,0.05216041866435731
115877,0.5550572538304323
453986,0.815387670314291
371741,0.23152575567501896
152404,0.3795610408786619
441679,0.11243381722439151
366001,0.4250964318633689
169504,0.4723533298830044
378328,0.6187298605424033
386268,0.22546036663539606
172948,0.17009142305207525
420214,0.6304563819584436
248736,0.8513399528191106
103516,0.6932026406066905
422555,0.6811291058216068
178831,0.6412333820136648
329545,0.19310279149807472
107709,0.33222406909609725
409953,0.06667014828600272
438808,0.16815628589135947
235692,0.11769759077236436
270243,0.6660684880872121
196343,0.033831853730300475
310547,0.1686139562159025
330074,0.141560538145952
245157,0.31275619748003247
301010,0.7063906411354333
358161,0.569533131494631
313982,0.06326821965520685
139286,0.1960570917304339
444789,0.39621434589416105
398429,0.24278321072857026
178622,0.5737938326403221
452319,0.29055529373476885
420190,0.09992414999937384
274993,0.2212581397457818
381462,0.5901411915251318
258549,0.5367045473552848
155372,0.5867951250255447
175183,0.5351350101310121
157422,0.12312825044076141
241482,0.3111687151345897
197729,0.36953053326971963
110212,0.055637845045336164
227535,0.20763654512593502
237563,0.5447839644654551
144227,0.04660451645351372
295949,0.06753622192895918
195495,0.25612195523124803
154807,0.7618442420006426
286661,0.210849016366682
104350,0.22288481978865518
407588,0.1634416157899945
197806,0.6006678672978983
353484,0.47864707208444196
311934,0.06254227464431002
437997,0.11538963557832135
307010,0.07692490802560743
190865,0.22331591835816378
143729,0.2179214660143921
243643,0.28294856083032893
329514,0.41902754944364723
247332,0.13607881948270023
264252,0.05548395519911312
241654,0.782267545334393
322039,0.019069484254819063
105195,0.397408551332907
372672,0.5212070242086534
101429,0.6479309758530641
264787,0.3275173240566452
430698,0.21109367730332335
422734,0.48095450254689304
245437,0.7723978086305454
152119,0.12992537218444541
451175,0.31311845407929007
376329,0.6162756151302468
270562,0.6594991939475852
186025,0.45273902648693637
152815,0.18075948573291253
411447,0.16061145508072291
287472,0.6626667256282801
400342,0.31612468415783856
192897,0.5980826429549019
145418,0.14522465118018507
382876,0.3167290851353985
225805,0.8389067049693121
309418,0.8543843619967166
179678,0.20779538414113066
420839,0.07553479110438731
120681,0.4719856223750004
180902,0.27042583171731177
118312,0.3487842270521672
394374,0.23335464829776095
390781,0.2055653226308051
252555,0.17974233336326245
437672,0.5598709462533011
206805,0.15399559676516764
439914,0.0990170247482475
390133,0.6243517925720863
419835,0.04047173107453454
113134,0.5231121972573577
160763,0.05200465176718963
350086,0.6646019775800183
403981,0.19197603281315534
452195,0.1605886654406735
340067,0.14120822803494956
399622,0.15656438025636146
170654,0.22799875383669047
350005,0.032772503328964725
353288,0.10978297006430585
387342,0.31453729288912624
162023,0.4444470111475747
347639,0.4919919376472311
227460,0.03422675776684547
351699,0.042876260725779936
129611,0.22977640407479927
451762,0.34274313686691077
319486,0.36381061265605213
204237,0.0802369275142284
424797,0.6148132651894271
300155,0.14766640759658606
156234,0.07135248385334617
409923,0.5995616273642572
391096,0.40795751677681946
349399,0.2357377041779874
335319,0.2901020611744331
441997,0.17907466809427924
444182,0.04265995716681919
443738,0.2538188504440187
207256,0.22849736807584373
380817,0.3467467523660344
113047,0.10908654732622548
156723,0.5376954297992274
315337,0.6188888502226975
335590,0.41625038609280374
351671,0.19002765411276853
316295,0.39248176681249397
442303,0.5592457805442512
308971,0.28721998049302655
282709,0.18912218920503177
386292,0.1772135878864593
241479,0.1661401682988029
206076,0.3707514903031641
314585,0.7492253419399111
408780,0.10389388090673089
260509,0.5294162319384953
304089,0.7727823942170751
347793,0.39480255366460815
366093,0.6925075324708091
187524,0.06576666353614558
331244,0.6279140820646582
199003,0.4331692248936352
223519,0.30872149765459184
207633,0.8299770497521621
386311,0.16103132241317183
308537,0.14422897280173377
146305,0.4356099929703132
165133,0.5983420085147391
443080,0.478207899058744
401635,0.856434212311972
206792,0.11211534188083642
340857,0.42683736789022836
162012,0.15385567056885885
312795,0.2920372245286279
326410,0.33438261538573244
432231,0.02602699451406482
436893,0.297065407048358
408016,0.14195854943255748
226309,0.2508901974179766
158344,0.1908639151354017
175768,0.36902137127593326
430939,0.2371368912721776
282787,0.07490143112843255
162016,0.16143047697156976
307271,0.489887683099906
455798,0.3613694553638733
241113,0.3468311971259396
430156,0.05205542107541882
212664,0.4122683643181542
345324,0.18012931083647413
326723,0.590726070199598
415737,0.055277123092119504
346851,0.25111181460666665
422556,0.08609634677865759
225532,0.13627661309428624
186742,0.11082569417848807
261376,0.22558575988108
264574,0.4540597450298025
392882,0.19226807886785857
249154,0.3519693341309645
368193,0.1087499630582379
455863,0.39301168534093683
108649,0.16507905843704065
181868,0.6073415680189375
185628,0.6681966382807536
392588,0.5399099362861126
399595,0.11330627292894226
436961,0.4145035358523852
354267,0.23625180967105053
166008,0.2278884121207795
136856,0.09055368037697434
108408,0.14846333374131884
448675,0.27635501814428487
101901,0.4944393087407628
396368,0.131966190293411
220833,0.4472538651654517
381736,0.20699688652206705
181114,0.5389131247680138
277592,0.6826280651315922
190993,0.4411746414243712
166033,0.233045126537318
312640,0.7555399195846328
143328,0.4472572319269636
159049,0.4778148675264469
206987,0.3211969263452124
208785,0.1048836190092772
416294,0.765248390160792
252369,0.4934272042822124
326551,0.3664274001939971
158128,0.40871615090236996
126265,0.4326550713284813
264968,0.08742270813684958
109936,0.7907138348201733
312185,0.4308876910771518
393227,0.43245760373411285
127961,0.31598354583948257
397052,0.47992165275908694
144091,0.7374842392146853
291874,0.10726259571486883
305293,0.1318132196078468
119160,0.8333703336518051
317765,0.6185341145275611
177249,0.2530622018875052
139532,0.20968859227298875
125779,0.8968293759562987
390736,0.749185997062237
197827,0.17954398563451215
219410,0.2915374427982988
298787,0.15460432500034346
130499,0.11539600881789809
329781,0.38667294974937566
291817,0.23682896443414087
410297,0.6627092114119422
316433,0.7081010285553001
143834,0.027619030775919255
202204,0.16651504866177597
261431,0.03481311681680027
226837,0.05550893136779197
342802,0.7629009529017836
232779,0.35332418824186157
115373,0.21236500120291538
378068,0.07199736314419054
202511,0.5459606505954177
170723,0.43214877661644335
142977,0.7949423119702718
257895,0.4368917672959677
248043,0.5368251664318623
308408,0.2399178904287424
385252,0.6323199752918942
327904,0.0758198877792629
108274,0.16237443460094753
187949,0.6602670518135159
183709,0.561027484555698
129640,0.044153583468259865
255623,0.18890770065428275
183434,0.47443891420397954
392319,0.3996229620314256
403398,0.5536677441644393
388248,0.29309089325113646
113783,0.589505437600122
402780,0.15598604909185754
240412,0.21810473454802118
352830,0.4371739827760694
178586,0.6480008347756469
246627,0.7471168232351572
334055,0.06869911260302954
436068,0.17758462154849186
308211,0.7362974647790542
340203,0.8224888287915665
296906,0.34145439304472236
144898,0.6258540482649319
319540,0.11937989536357306
204690,0.5168850158678174
155382,0.6345683999460169
396769,0.4413610756875331
237552,0.19733635506696057
205843,0.4482782551430009
195117,0.4804495500074004
438621,0.03944747737641454
443891,0.48077305899731226
369322,0.07011079201667463
400046,0.3601472941972757
410923,0.27116412539074525
145158,0.07767410013148317
195186,0.5860367498914396
162324,0.38200205227039336
289016,0.2678368306998337
402259,0.35018410509206327
288495,0.7548024767182709
201751,0.5343562838713507
449534,0.6434871829022921
227586,0.11175632738599162
234942,0.6319834855781539
116402,0.49868568297742977
389409,0.1611825527723745
439268,0.269630892050868
104047,0.6565748006312951
345924,0.14484684441474527
404274,0.8681268567857191
452542,0.3553788690471965
439325,0.40002492107061266
455429,0.0767599318365771
262276,0.5708673888965384
219886,0.34910219889961525
388812,0.5265172131983652
407781,0.3947785515137158
445742,0.3544569949786939
266444,0.5005253659828833
372799,0.18063408401344241
389266,0.46657138002042503
271679,0.5969213880570241
187208,0.6221316084611315
109273,0.12842282348381945
151213,0.6326973002117183
295163,0.17793805980720068
236860,0.5476700606673746
229714,0.2568816624176431
295040,0.8119939046606794
405354,0.8480311665479097
173004,0.16582559378039927
229651,0.029520784146089697
323911,0.4105482350384547
211264,0.581211903514798
188175,0.3961686890982228
373445,0.14496340664051582
403560,0.8884492086812095
444424,0.026658491087573843
300842,0.28086650847362804
367958,0.27355417683437155
318020,0.07440631561815829
129851,0.2101333304674902
230464,0.23652829186431767
218250,0.12650595092100483
194999,0.09169768721541986
431334,0.11530526477973436
393312,0.3998597586570938
393658,0.6201085981517228
170140,0.4891136626652252
121875,0.11577348957412416
218475,0.42450807353142334
175576,0.21737221948633537
131709,0.2711709511400965
205107,0.050695462246168846
175457,0.36941319839262793
371258,0.11524223834089709
451650,0.3473400071536887
271657,0.1454772525705494
362079,0.45306604742911366
410476,0.040338757053470654
367740,0.30170660166381674
324227,0.6053845060470516
153084,0.29597205608406785
366542,0.13491826127324383
370779,0.522517230003568
425448,0.7779500773714266
199242,0.8361242129600723
402258,0.5012651955231973
209758,0.1435247978968595
127336,0.03229644731866966
310018,0.1345986570063243
305194,0.2886991680648131
108943,0.4189092568272533
405206,0.20967678928921524
207055,0.07838458821086804
293846,0.7350286718621385
114566,0.7092879266804778
319137,0.3447584812582905
348554,0.7867911945869142
142990,0.5073184682463843
377753,0.20809327364860436
247572,0.4334942377908181
410710,0.29236978996245727
196729,0.3004282060504341
402825,0.2242052841676221
137192,0.21482670209166324
210791,0.31173187546432657
154151,0.5480851784159346
119164,0.8426832669994859
409994,0.43870415130667445
197273,0.5946142151906733
364858,0.12974001710320368
221339,0.3681843905458697
397767,0.6105433262351347
205104,0.30823043552088575
317142,0.08268689009646292
425911,0.71995682223314
387948,0.12777601857119827
364160,0.4978092330719511
307014,0.040413790745313316
352506,0.8557671804847228
110740,0.2510121060682091
444605,0.09629922893119218
106249,0.16006185579759213
231786,0.34912921052514695
269978,0.33476409635420395
147990,0.34277744368066926
351383,0.24913087890326
294018,0.6909963933108125
104480,0.08879425654909062
399212,0.6494370749114673
160035,0.37508475875510333
256277,0.2109697534560222
279856,0.3705421461070855
406864,0.0672570745307491
350078,0.5976413956347097
439069,0.6612403417774781
422071,0.1322615630504071
170410,0.09088665796467542
265265,0.7941573531088197
212424,0.6510839897475386
238218,0.2716868968265101
227200,0.6264869650115735
413594,0.28549016405199157
275899,0.1328544128310997
303465,0.15302156928695193
310306,0.42865481362238167
117736,0.6944064208588079
142819,0.16803431541938565
211670,0.5889538923794579
376535,0.31713066764464565
318959,0.11416521288246408
432271,0.42136242877125735
180559,0.09072329195525149
259996,0.7864268923610999
403951,0.5740410546143118
314615,0.7314531221522172
315489,0.13497622869781892
177585,0.5148964745825028
438645,0.36548146017365407
286888,0.06315832320979134
185991,0.07231793174734476
101243,0.5261827452710554
278242,0.04424458337750613
451516,0.6889355299945131
360386,0.439718515874317
257854,0.20416626480860067
163375,0.14426241456127817
146386,0.5445329114423717
437757,0.23709925899165965
197534,0.7372184931430108
229858,0.190951011876427
167187,0.19061186371335415
406976,0.08584453902896035
275970,0.6710277669506025
327866,0.8026667217952804
163195,0.07923113088196389
336427,0.23910474138064833
282179,0.3422203801216325
204446,0.3226548145002508
233438,0.23777505362849505
118804,0.28217688508208716
331977,0.6830943332562895
366674,0.33738330497412955
359719,0.23422484643817204
244004,0.8056714222293395
230592,0.31351418202814374
171934,0.042556792286915265
335477,0.09912636890379103
353371,0.08072294736019019
102165,0.25341350449512234
454991,0.2102152873880894
188856,0.3219203878330834
260500,0.4589944855734878
135390,0.7531636799473771
152877,0.867963351807306
173874,0.23214954976085378
311637,0.23453154073585084
394579,0.6989058513301566
181693,0.4736516724039325
448424,0.09576878013765006
141925,0.12081731398252024
189148,0.206164786031434
279557,0.281735785395155
293445,0.35266606638889164
113505,0.3147929896782178
384735,0.11134866401058399
328684,0.1488763891837597
189397,0.24766701317942122
137947,0.18137127379691778
299075,0.11868123151236712
439763,0.4638359318235241
269887,0.22309137562719278
304898,0.3834270538816363
253183,0.5367428989677412
417513,0.06808090640445569
371385,0.5411825656229464
222641,0.11765898952209956
287397,0.1738411119534048
309241,0.2926592255594099
221576,0.5190243798360558
242693,0.20668551704370877
154473,0.45413892510275583
262316,0.05540253149388475
394699,0.34236260360744614
242103,0.48579586809239217
257740,0.7401888239594079
111913,0.11897206976949327
311609,0.7784643593318796
328179,0.48966653888440886
116068,0.15857143429584808
281661,0.10150017637936973
271617,0.29350248511628113
171358,0.1764228593194457
262562,0.1967980565710114
214510,0.31075346594878406
334660,0.08863187178957024
354145,0.15449457332592284
432280,0.4292349836739495
430582,0.45964854834062885
195100,0.4292915993086911
103625,0.7688133217900498
434061,0.41777765813097556
249742,0.19082999286168664
154379,0.39281393464967024
430103,0.05206418170533979
141410,0.4573551057672834
179936,0.23858730051005345
304717,0.21960112282648236
105071,0.3357849902674722
130266,0.7233880314206143
438031,0.21481929849379638
252151,0.05318510153862629
281337,0.4620957950895555
198806,0.2641334180483059
351817,0.4128372732069413
206639,0.1181618364487057
389377,0.7382174746723851
242523,0.5434480663377704
354809,0.14575450091582162
419145,0.08491171201305762
249664,0.14942760689146156
193398,0.038112026660876236
415753,0.625387246376937
341419,0.35621972731688356
100311,0.44141392117662115
121228,0.7531736676941498
311580,0.038156304968029194
406924,0.5536894752502898
292246,0.12073218562730276
176579,0.39260149076460793
445612,0.266987143632132
237759,0.08914307631947174
150601,0.11575045859927724
256066,0.7979270431810226
320823,0.12958432252157864
238793,0.07267560867463033
340264,0.4634040931847081
233247,0.6027438544735275
292304,0.32815637322119445
397415,0.08803838647219163
396549,0.06074904508932762
128160,0.10899822912247992
429555,0.31994334713175
300435,0.6286316547704613
385909,0.21514852589415878
343503,0.12909852272351646
349911,0.1844176918899864
228324,0.3226054985379288
295783,0.41003064633645214
443249,0.2074176208611451
420218,0.056729548696346874
197491,0.3483000243523793
107280,0.2991157226235016
435958,0.10795616365407203
158898,0.2766840440665681
292010,0.11453227193597215
444318,0.14805262764323054
183035,0.8633605782733044
273177,0.5215705690130888
274965,0.4755241880252035
417447,0.5263204746365564
330156,0.10021411560111415
139180,0.13783898409095077
337619,0.5487958187510154
235914,0.2261510826229006
415115,0.3401124337280587
132208,0.7206323043733146
116596,0.10344790552336755
322217,0.25618612520535133
247103,0.7847252245393743
234778,0.19022384313913243
294926,0.3214319584803953
241267,0.5635751854243402
237792,0.6225471806853111
325066,0.33648293217744624
352825,0.19842855592060846
238114,0.23377447531357057
119761,0.1272692687171318
428799,0.19626612470320454
350077,0.4306876699401313
111276,0.17615548414283633
276488,0.697416973204901
376074,0.12089400364363738
257294,0.5096925907140584
251966,0.076854066300763
125573,0.09540433649505517
334766,0.3581829317322517
246758,0.6287841995253968
292383,0.6106780893918199
175456,0.1486384417073859
268982,0.2389027275114835
291018,0.7568505226872053
333464,0.7657053872546075
300293,0.15741531127451236
100551,0.2864784278032297
120832,0.2201167453647936
160381,0.1634852719127611
312825,0.07178692658741981
268911,0.17072267620923295
391354,0.17820691352488
137380,0.3627357044398289
391439,0.2700353607250336
340012,0.2247370452244896
139053,0.11453196797691233
177876,0.8131603701459665
384543,0.6400495372049694
212800,0.4632965595332109
102868,0.10233028007820427
229659,0.6446108330029877
301032,0.31890899945347095
111912,0.19129113684384622
285359,0.3338524104791482
265907,0.14027429616769513
110648,0.2715263773937032
347482,0.3879043676504743
165990,0.7691272630411188
161351,0.7090475942975804
161605,0.5362019672156638
234373,0.47841260035217537
399598,0.13905164507081494
273021,0.7503533703897316
207168,0.23814794080981522
233104,0.39361719460210126
311518,0.06775395025033559
267143,0.07365292047589142
189144,0.1262662535156376
244093,0.26962087637835014
350395,0.7506758854579177
414231,0.22915976368974794
152736,0.11680227016977573
132319,0.392055657396766
134050,0.6601472186493206
101426,0.4488069660635447
452192,0.08706299669293113
273495,0.16697079948039859
235850,0.8063470400691803
125393,0.1858625466526077
247594,0.30743513351348256
323675,0.31803348826650596
320711,0.07940158063848898
330317,0.3753318374064533
441278,0.20493128830539278
379076,0.11066403441194499
235775,0.1315504604714978
149456,0.3501112621396104
320752,0.27395387840685503
157664,0.4505062234957965
184525,0.5677483401154172
137915,0.052885247507810366
201387,0.084945063343842
128066,0.22117155606227473
452690,0.4488835853343585
181672,0.3703690311874088
320021,0.5572274746704488
265461,0.42507213366708235
136213,0.6086195148563055
153875,0.5491968420025614
292741,0.03126205180074319
191649,0.45845338560489335
444624,0.6721009856275216
239680,0.43869209882980625
204409,0.0740909803632139
322760,0.19243383139321402
356475,0.4083138466649657
328733,0.06762201406654632
197695,0.41745229187603294
431056,0.052341943713308144
430389,0.3399593275482954
264709,0.10182998012764242
388627,0.30826934397788797
309276,0.527032033921179
375170,0.4470330175354962
268059,0.5733948969098936
140305,0.7831425291365913
429308,0.12242824677312429
259452,0.16483754138679296
349812,0.7076898623777412
130070,0.652076868829793
252939,0.2956816704870839
364035,0.21662706629815376
306699,0.526464507581011
310988,0.06998236919470492
131688,0.783875067505222
398779,0.6185297026042477
112917,0.8506524302325981
223136,0.35021579330571334
133170,0.15084779060520614
214265,0.41467774887779335
338293,0.18950497683843504
323141,0.3002088096107723
312431,0.3496193520655958
127175,0.2561638922665139
204630,0.5796817909214967
407725,0.5965445549013889
159068,0.31626213750206633
233324,0.056382242130444196
301252,0.031761656737487445
417441,0.10556929376068085
400063,0.5137400564334587
378053,0.24682127483766153
241655,0.27836631283824015
431496,0.40356434499243443
204149,0.46440594118445616
124416,0.5117517807543182
408194,0.4696157214542334
196889,0.5398575044278265
183878,0.6081471216141455
139996,0.6072850007008526
355293,0.2730597834245234
296623,0.13111556335874794
308608,0.10088402439611863
245503,0.0837375295240596
192001,0.5209585658313176
353208,0.6887894261111364
288671,0.08367890983516453
413554,0.19803600355300496
270270,0.562514212051768
232391,0.05853358390541928
191449,0.39426065512345354
307836,0.3436912649223169
349601,0.15024963495482102
310167,0.18415457265656623
321236,0.4199251319727558
254926,0.18867443566191178
194155,0.5286155386642909
230929,0.2297522282344039
120421,0.7761179551840842
253153,0.6119072307972397
156033,0.033727643709073586
141540,0.0926330243673777
261906,0.06028025399466282
202229,0.09033958747328104
379127,0.056671522672646704
175798,0.5721375812631874
216281,0.2719464347100279
207100,0.22397979032476711
314154,0.7818027775605871
291512,0.45634838545364587
158918,0.10303038729485084
325966,0.576479350927858
437302,0.12638156272318302
260533,0.1391701974103106
181737,0.1863143518726989
338188,0.041514817836618714
114835,0.2817067893273083
269117,0.4780598838372979
293103,0.2634607596641392
114077,0.10050016721277079
196819,0.20216657760714674
112098,0.7438175061564831
287963,0.7972989063103604
430083,0.6562913789311887
418692,0.6721236248636245
168913,0.6324678461765441
166713,0.45024718736668
262227,0.5805709512084163
127999,0.11763371100241814
116479,0.3440025621063793
286056,0.7128597791921624
332033,0.2648884699552702
161921,0.43118148624107805
281875,0.08923252395598619
252870,0.5609997800706902
217471,0.12508102068541868
434535,0.5555016761265645
439900,0.5779399500853405
382144,0.48060587079801487
356308,0.36679176773845806
232530,0.11964371764405243
369016,0.027854687902248643
351046,0.5170144228016704
285509,0.10993916928657552
440701,0.07441914187512327
127449,0.480959525301602
299064,0.37146435027456215
308498,0.27378357291772887
133330,0.20805135076103626
198899,0.6537364210929015
212048,0.17659426682810275
117193,0.6843896028150074
345404,0.2573034705437314
322416,0.05820791325004415
121947,0.15185827316340844
221921,0.4032513196395095
239206,0.13511209378565733
413375,0.21622317247990128
204674,0.12182228640364741
449599,0.37534376736947206
333913,0.19818819201054752
117967,0.6024713967064991
449230,0.05722716856596272
116118,0.12112320475726153
152256,0.47910497964906157
165243,0.09050880504056777
125500,0.6600245965416384
129985,0.269576778858145
429035,0.5886355411085376
275299,0.05389585506531462
296391,0.15395022232390376
178050,0.02669597039141235
199075,0.09621384587073888
360504,0.3529757135281941
104647,0.28339269424251057
255813,0.0997985358319423
448464,0.2889383908299553
271582,0.6083827268438304
316469,0.241075232396339
389879,0.49613812039424066
227996,0.14262206287632656
343137,0.21735488232537936
448690,0.3488466790762502
401536,0.848672748523158
205690,0.060415875207356466
239938,0.16743670440941524
160634,0.046754965182030185
442030,0.17506684916856102
269536,0.09801228864869105
282645,0.44059833745311483
278976,0.5688274789439459
392980,0.18389398912804095
368707,0.21441162880535514
363645,0.5519272208974757
329706,0.08329051134365666
147128,0.39191779191527015
253313,0.6174495170405468
215257,0.5226449259444207
275646,0.6036213561216539
375216,0.5910546546033846
366921,0.6115816975216799
241401,0.17296821820536892
162616,0.1083747455625528
406654,0.4453099243621339
338340,0.49292512192983556
180050,0.674005081640636
100065,0.2669586854330333
290955,0.12031071512480188
129200,0.22054471570851855
295255,0.38550358482338565
343045,0.5858048470880856
406872,0.5200792397551814
207035,0.5651448418935051
347039,0.4540336074225215
152093,0.16125433703639866
185825,0.11715535828700777
265216,0.16113601170195993
188267,0.2345342443065727
113829,0.41803020238699934
376275,0.08242009992804983
257590,0.27487400776690035
305301,0.6845630091335064
173310,0.8171632377384367
405620,0.8510793094480891
386309,0.3610283582196463
208193,0.2712537166119989
193793,0.2270844383246654
292807,0.641456699419546
288475,0.22835977238105934
228671,0.14252643056241635
137015,0.3424238928320189
148855,0.2354765471681069
187516,0.012581411605899675
289725,0.10154429911671727
431899,0.11184280130041738
104520,0.7543442125007603
121901,0.042136382569174693
323049,0.12295788282360337
154966,0.255572459293136
324270,0.2288708864289865
123663,0.5793047255983579
139843,0.6985356572503685
315693,0.263506214730533
120422,0.32670486507355384
113397,0.3396111878792937
124591,0.8069969001247488
237254,0.726910737042969
446813,0.35169710147625427
400685,0.1561866952961518
203176,0.4701927351870257
423121,0.6180460431019228
373202,0.30282829323347654
296769,0.12317139928769268
392190,0.6991315557141072
444582,0.12897278104447596
365181,0.44310568206632467
150950,0.514015920319871
452409,0.4904819795180038
401425,0.07968330627278877
235002,0.2556124170489378
238298,0.06242377773805746
426617,0.6045793977306521
388249,0.610874349012827
436083,0.564588689626356
275774,0.26401251637426126
101294,0.26052609685144024
230828,0.2476387716126882
334305,0.18589529466620006
109642,0.44017306570620557
440244,0.125663316001353
235087,0.07482387187317895
349929,0.29400357415300477
335537,0.34204949030639736
149882,0.02969781062220112
317806,0.45701002610402425
427144,0.7842810326996124
141612,0.4146231671942916
330568,0.3109561212795474
271576,0.37670584982810706
413868,0.6704204274060671
101005,0.688782617300123
201997,0.7173242704085485
261592,0.1271003050966628
236831,0.3463134238735494
139130,0.6963046858646641
282688,0.2475098783736635
413146,0.06191271204980129
364699,0.16239062251755532
197102,0.7368665908110179
162503,0.1279368382524495
342252,0.3192766218454272
260221,0.32489475839455956
229041,0.2641470728457692
290945,0.2896333772025494
397148,0.605768003085573
100830,0.38115547492413154
258610,0.6007519403721093
293696,0.1517966647195671
346856,0.24839046470402248
221829,0.11224703180433107
369482,0.31619919927998397
111168,0.2142031968207182
419170,0.49378387463700163
430782,0.6499355389078596
378034,0.22215533480938604
178995,0.7050787673970287
100826,0.2804360405472333
238623,0.5906394515372816
439882,0.15973807672247642
305340,0.7298882329221108
372415,0.3665776278883999
347829,0.5452735697784639
105807,0.6876176847923093
362167,0.15165422560812034
326994,0.3451960057444725
317227,0.6545118035551986
261649,0.042961056353641815
438382,0.07826503319171027
156309,0.4351418505370757
155939,0.4714855224755924
151652,0.6878273488376722
335176,0.27921693509287293
176253,0.06991917173791067
444515,0.7144948038025039
427672,0.7676025921268091
372624,0.3412731183125625
169239,0.1015004649840541
176839,0.5299971511708156
246289,0.23301555343554942
346936,0.07326591602318118
171173,0.19463680999782126
352988,0.03554745714049018
153269,0.23177237014481425
117417,0.8800901602432332
166112,0.30112613369034696
147085,0.1665006615313344
327207,0.09175938675912747
402260,0.10537268262428359
163357,0.6418804499017977
401547,0.12262426746662082
412613,0.4248257760618835
127309,0.3204946992319707
289541,0.37099052492489804
369186,0.4571030433978011
112896,0.2315256897063055
251046,0.06729452802649846
451383,0.35426642747324927
308623,0.24312710019270173
127920,0.2634745360105128
217856,0.25905261601306917
256146,0.07759691874033835
257872,0.21975699564764486
438715,0.20484746514421523
342566,0.5227492193893787
439512,0.43277560218695016
265900,0.4080371323794089
114116,0.21778054665893037
321486,0.11670417392430238
105142,0.1643916730457834
111848,0.7184158280432056
262362,0.17763779470140756
184405,0.3528615145357807
354080,0.36859740582676076
149067,0.5488512636849124
302527,0.44159300996095974
332974,0.2588931062605739
361693,0.3762074781872024
246429,0.54271727781852
192486,0.6148029487531442
146891,0.535992083692379
167328,0.6641111649036097
101440,0.5512893240033083
194379,0.13180721007274185
437128,0.2627897350261131
126341,0.4889837863451869
195937,0.5619299527600402
303062,0.27811523261236293
417980,0.13572243058900843
227251,0.2607912102524077
116128,0.26177585513391044
175574,0.42086497209763774
255070,0.6608450929311145
237060,0.16718333618336023
187652,0.2111823400099709
140693,0.4212297481202175
451100,0.2493135924680149
317675,0.2859157779206617
278415,0.6321496730330902
116473,0.2682734565198948
338931,0.1763716232677057
301555,0.33250054255113837
112683,0.6781389091199752
328029,0.5711518478452683
429407,0.1293200663553449
232547,0.29077042909972556
194569,0.5867781075449527
427658,0.6488483726567249
355445,0.30586730330702977
295140,0.18236946919562633
175624,0.8321570104622019
266751,0.2012137602365064
353278,0.2716808295904942
432309,0.3821357756782611
146683,0.284977130300838
394800,0.39237251903389714
405811,0.06999287485170486
388511,0.08363803759024534
374653,0.3445749396750879
288463,0.5579348731096997
143033,0.5468829935202608
355243,0.8495357125871785
168093,0.6345674594347458
123200,0.18464858469781362
405119,0.6474670112265749
435328,0.5403025597212991
266165,0.10555992516635493
206101,0.22518252834607883
121483,0.670572153310887
447696,0.47298130918779463
296532,0.1958857001745437
369408,0.2465541192642352
284520,0.5634465512556011
145288,0.6717782040490831
399186,0.5182594284480498
432544,0.05164596748297415
280455,0.7327056686681779
198619,0.8823154190590802
150007,0.15403429550215872
372876,0.37912797626683814
303103,0.061200483753946135
102218,0.09134674485184113
183278,0.09733975277901051
313859,0.02447760233468637
374075,0.30828630660228773
292727,0.6099668294321252
379103,0.32093757610292384
117681,0.1441794767004972
323716,0.5420096019812437
260469,0.26550924852069674
238347,0.5176043592918381
338669,0.2828867573136552
279342,0.7689685281168883
160217,0.1834945712924495
107740,0.3280471665971376
210758,0.28798526823724757
445469,0.13001915543887754
290981,0.10679611111292471
454608,0.0828080005175067
247909,0.10932216184597995
283943,0.16678853044687433
153089,0.14856376374467511
429069,0.13659414715946758
277700,0.05895785125774633
121011,0.27045269097968777
137741,0.04728087784429984
259897,0.35695783097333555
102206,0.058303163519210145
177064,0.6989681045826447
442290,0.07056884978296839
153428,0.20676762035314475
204194,0.2512857900447718
216997,0.08391941770272443
425449,0.5055520100366516
384520,0.612059958646659
357377,0.1258147856539906
432653,0.2417676865854217
286294,0.27245986063362976
204740,0.1794952468282514
343783,0.2053765780684942
417940,0.7487659292097342
298154,0.17992835951687447
179344,0.7854008304573933
441652,0.1710189958718194
266932,0.24522959153632531
309409,0.4542031242515551
174206,0.12256769039457585
455703,0.31810230779070253
343236,0.20903968645378418
262621,0.7854686455536607
311625,0.4960920265238968
423116,0.11732424268645604
153009,0.14281766615565875
270450,0.5765632124885698
409541,0.5785086507462567
446512,0.610163816907507
265966,0.16645803180522944
106528,0.23930059868855355
128992,0.06562405945387718
351916,0.25748396256507
124737,0.042351019632885484
332837,0.028551687583161293
169378,0.5446204553097063
162109,0.5987657912744602
241432,0.12112738598964216
116380,0.29765603509438365
389181,0.11561845822440359
410746,0.02425920915202389
310106,0.14484103951816818
302215,0.1000957213272441
405689,0.03814390671099644
180962,0.3602177440231488
107520,0.1835045450399111
326856,0.7052044750123209
299229,0.06958057205777894
326693,0.629272902884713
147865,0.2598536447326913
368858,0.7023554247911915
400462,0.8097391900930723
318805,0.40630459471661445
216469,0.15343966036031878
283736,0.161424455749
331913,0.18860170623426856
329949,0.2400102644520571
389090,0.22801426920131862
392460,0.24957243312803762
381447,0.5991351655938805
403566,0.10230432944259744
434259,0.8332770434163586
185697,0.18916616980695627
207721,0.16055825198537219
192343,0.4471775033234809
295010,0.2641928186190351
367136,0.19458175662344082
125290,0.10230708455717874
171137,0.3522016117296899
395114,0.7709219281062499
174153,0.12637296302494114
209458,0.5176657077123504
206145,0.41256212583583746
407128,0.1029687309222029
386832,0.056797516284752804
291290,0.5562278936706172
173744,0.648832009665258
315240,0.2873153604456941
394115,0.6609388079014581
183180,0.059013894170877566
340864,0.42056758372098985
416315,0.5332927814611913
239832,0.6626315399086654
265164,0.5018645257587698
241252,0.5147454770044562
341298,0.22868961812964547
366209,0.03084896655112339
365435,0.6528790276391205
357035,0.11970940986149783
127038,0.35252443441372283
280226,0.6658677357752157
181932,0.1971813964577518
286924,0.1294960499516168
152005,0.6074049870044976
432078,0.743926071791726
198197,0.20572695033456548
150064,0.526914875129432
308833,0.240330444922046
439765,0.22360047902661995
256103,0.2870645752003755
200631,0.849271376347458
205619,0.019068003980949124
127870,0.6645114036988168
217846,0.32754641016277225
310150,0.38051452170279326
285962,0.27819225154652577
294898,0.450802253596457
258924,0.7191092379217642
160089,0.8077925530512274
105344,0.18307128293613914
224958,0.2188352777940569
367678,0.27490351905034577
243206,0.6939024076063443
296321,0.7231581838412459
374796,0.5784627075573885
309750,0.1027418003210916
304664,0.793655724561461
362112,0.24990058762088407
204445,0.05175684842918948
139067,0.812656489511854
371530,0.41587997602588544
224109,0.6031560906424662
415118,0.7526178156572609
330973,0.5219437623189173
320181,0.20096473535711012
143601,0.12782941729195998
411660,0.3521985684826833
124407,0.08993791587455367
179212,0.5451424882040539
186316,0.1405351592634199
301694,0.3717241590208753
176483,0.9169970647106498
438438,0.35106249283340496
436165,0.10076328379210138
127054,0.1362144327924051
417428,0.28030742557540744
381457,0.16258694600546778
124175,0.10141436443788071
422514,0.208547259278287
241377,0.061841123826541555
413150,0.025552341473027946
315580,0.24780889643035015
236765,0.3307492267910907
128154,0.3292856826897944
435428,0.5983708801527274
178154,0.32474628502954617
411474,0.17109707049177206
420880,0.14136316480374167
229671,0.5818951017889233
263353,0.2067833050457668
334164,0.2535674202423442
313882,0.2392135141643399
306527,0.17978334319237638
368944,0.5618170711645576
309005,0.29983351211006354
169677,0.4626958923956913
397149,0.35710783777066707
122675,0.209227813591553
161682,0.1338509005842627
260021,0.6506688417996368
230139,0.11059708653224581
417950,0.05641937479000443
219095,0.37955479069660253
271565,0.09812491249823918
396160,0.10495471424220376
253011,0.09914760139061812
409778,0.637624359146288
101356,0.13003604298202898
425865,0.21140900531927448
369180,0.17634916941837595
319261,0.36202290824645095
201049,0.09302731135938568
317786,0.15993748827362692
346836,0.5830780427431023
439549,0.302620599772916
119240,0.25182474859847903
344770,0.700872531471883
448604,0.1237300500330184
307646,0.5784283786333396
331191,0.6335323738878026
287866,0.17882000599466202
140144,0.1312294133186952
303428,0.37243241961784607
370230,0.1444676635210907
251288,0.2503267007516306
282649,0.26532787227578325
126721,0.7552085611579024
401876,0.17019663745640562
438167,0.22927480477120826
342447,0.08267187602644346
438756,0.4616572097848274
148643,0.12584935980924492
160660,0.19468630766405587
352814,0.3186970042021648
190272,0.417636788470053
244772,0.5200019087408104
130718,0.7342365285336203
243099,0.16042468027559284
392812,0.17456196617936007
439477,0.07299380019697622
401919,0.1360309805778765
134234,0.13796806817647017
138326,0.388504147266488
449545,0.1497500748354319
230076,0.2655879202528247
352451,0.5721909512660991
357118,0.27899282802785325
323694,0.13350211947408938
111423,0.8641199725345955
374844,0.757826059430598
162235,0.35260586972397434
321098,0.7458951052782453
449322,0.4041523353336196
331891,0.23078979121942247
198547,0.1926393376493944
447023,0.1877141856349507
132622,0.7041482464594321
321806,0.46177956491584193
446214,0.3312423275661961
227290,0.2699601144988584
206035,0.05650014962810236
246857,0.5027131253071561
247867,0.11203219052332358
455212,0.7371674646999926
116213,0.30566060368595976
105966,0.4476527793389987
432525,0.4379435906083821
331302,0.07257346657806657
370731,0.771245424249598
354011,0.032926964852800805
334635,0.37953712252591226
105682,0.43526819253821203
300789,0.5179149983477449
403280,0.4181222309964933
435536,0.10348632576999336
239920,0.1644289629270549
104089,0.22682018446216232
140390,0.2636140131532361
249505,0.19949242001677006
369636,0.08263789005888758
433748,0.10318159687894823
109883,0.06609176350325532
160953,0.10087068367160684
113320,0.4066021966018186
324811,0.11125123022945274
237424,0.5203976368722918
451277,0.11384776643458279
455209,0.6255103044672387
229687,0.3841523006481294
289959,0.25881483056069154
147077,0.5141922778106403
349589,0.19184768405750469
154353,0.7973610069349695
172523,0.37235682213201715
380832,0.5890040045869999
283701,0.12905922756434193
148450,0.20267274321013407
257441,0.1652058227696427
270545,0.765084616298102
255992,0.5597069274663459
131123,0.43731909396288665
164786,0.07604121674874242
106712,0.19965466422635442
182225,0.12460342269320221
337953,0.06914514040504882
105176,0.6742034728395659
145147,0.08775123716014666
381178,0.7165651334265191
315635,0.27049260203676
285405,0.5184843812741152
399171,0.04496374348074196
396992,0.08886747989360916
345042,0.10283049048652622
401462,0.21517039926396617
191920,0.5655428680825034
386141,0.08282008232359497
247080,0.373118153812464
265714,0.47320494685809206
364953,0.06807961379207143
446991,0.19653661750510568
118181,0.1738567832149192
221845,0.6830238043063773
290260,0.28176080259303427
199891,0.3818081820880072
331334,0.25803700277457026
320915,0.046744495694871616
138496,0.33878047538556194
130567,0.5469028978806437
252888,0.5587290377549866
309665,0.4281647736164222
155593,0.6275442385498127
151697,0.4130052814914443
174423,0.6931785178762722
126310,0.5006642362197037
290644,0.757187192091348
203713,0.32191178971166573
433984,0.08752830701013768
149596,0.49505029213383056
392031,0.29567910841147815
135434,0.10041859350877616
149231,0.7052867968827092
339681,0.6957000390038638
132054,0.2090502641319086
241704,0.7879493840154618
185981,0.24562195659777603
316269,0.24544912676176428
252326,0.6026432720534192
280685,0.03637681669170864
328777,0.14153785994223153
194406,0.16156005481750482
400693,0.652688860530599
321058,0.12737873815444264
425369,0.09763817205400076
454218,0.8902275641242988
203475,0.6481041415735368
370978,0.09368616944492468
199670,0.07421226351792039
312952,0.26348298588325547
306800,0.21320347642310383
249212,0.5442585053514134
409463,0.38866846641453373
302207,0.40069041320407084
121553,0.30283562025823363
438308,0.22048457777211425
205066,0.22594571857662377
217419,0.0886732221578479
278487,0.46375583002611415
167001,0.2650285800089351
245713,0.2781264390010293
355105,0.6264309075528792
182002,0.32578328549951374
219628,0.16434788068976888
440320,0.13477901521529578
125185,0.6855350256452011
310400,0.09436498116399826
110598,0.1670248371205266
407830,0.6683943887026323
126784,0.21930708358104298
152461,0.10333576982807442
194371,0.0757474842375072
114253,0.4799755325316444
282998,0.3853831632895162
188862,0.45746607359742064
197178,0.198726101048666
415209,0.11655284246446403
246951,0.1564182823905258
151153,0.22930242951650645
448707,0.17676194988458424
173469,0.5433337566867417
380489,0.14767405288535987
167384,0.44459268633287297
287840,0.20244227931136222
403500,0.5515181057004546
264655,0.28464280915369794
169426,0.7642669298553
431909,0.34761949689949423
204060,0.4392043295701116
329989,0.20961705419351168
357562,0.22137754089022285
414007,0.7239889290463936
184073,0.49641209375255024
172922,0.054293787090744644
118367,0.0946249796808651
242502,0.4052881574387184
362982,0.047838712193296454
362173,0.15686244539439698
235617,0.2910958957787019
304292,0.3732119729399851
289198,0.1615684191953213
230180,0.5155940525418852
137651,0.5246065764218519
241678,0.5741104210735716
211979,0.11121673959776528
108811,0.16647901976997154
105013,0.11469965204475979
125713,0.04910182343597686
210284,0.17954073782646834
455188,0.27832520677212624
127415,0.09676458478325738
338240,0.4222196689109215
354577,0.6146588964218873
360320,0.1074075959484637
299904,0.19015780160303544
288045,0.459733071793514
340542,0.6462662647128569
161537,0.2816375751319611
291177,0.1910982434128829
224956,0.5955244206535701
170629,0.20628341758509666
230417,0.5767101912815352
239079,0.10902734524552418
453586,0.4965723057784437
236683,0.1992223387323519
437189,0.6521781346664006
426051,0.6945082861139688
400361,0.39978097685633457
448301,0.5575316006140604
390437,0.12730572797265785
438659,0.1522025250379239
125984,0.6919566441249967
274019,0.7566567922195813
246502,0.07877424779556443
250636,0.1795555797577997
225347,0.3501263011762658
225920,0.7600787183752886
366334,0.07870208151812198
292205,0.17435908892687021
335601,0.21932824320313876
357550,0.23293203395983164
449264,0.786633540961886
365128,0.5761269810232239
342503,0.08943708961371245
448597,0.11956638614309917
270862,0.3141249980245428
315145,0.3812427178201379
219450,0.040351284672010344
367791,0.7671982639072717
336393,0.22782449384711823
321463,0.4499592911718957
398295,0.6154141251132081
348875,0.4518273340180888
130261,0.5831150426780869
199446,0.30348205095496944
348361,0.13942032922534087
126954,0.10760714495265343
180416,0.31269537533272823
233497,0.4333363020947851
134841,0.07203374849067425
406966,0.36151011175598285
419514,0.42694600937840965
175488,0.24634105776856818
123530,0.3979811554919098
282427,0.14623587962464174
371988,0.13684238405914959
330119,0.1544608093471145
370844,0.4617065226619977
401450,0.09303083661597053
118611,0.06874448744408164
287314,0.30840418034471456
144446,0.5022309821429961
137025,0.37835237794937526
153577,0.39160076877540223
453299,0.3166734991434708
136103,0.08481810458584538
303301,0.8734716986587203
158519,0.5345464459162582
119595,0.8251399751988201
369512,0.6440097099733018
145681,0.2496560984973474
349101,0.2262025152417145
287228,0.0956063310884315
443230,0.12099418405254188
342091,0.07650604543265596
229048,0.09640280765074788
125093,0.4041721911101919
256985,0.4096363187910129
144589,0.15404460309158063
230783,0.16407328376538766
116448,0.22095987173142032
252212,0.4838955042091198
154557,0.05929409498676975
233517,0.6251688646899455
205564,0.476213652479803
433035,0.5900481573582828
352096,0.19071897047195221
285462,0.5827078570071479
237715,0.13155137205799078
387584,0.17165537692961944
389895,0.20061307239052678
290635,0.6960760113285263
405446,0.24717796884252663
341917,0.07936053644497325
228796,0.06637660868080231
264485,0.09096638278581747
158929,0.4233706985439729
248068,0.6084981099089103
223209,0.1452995013901982
288693,0.7626244316043891
141602,0.777231448929455
283309,0.10194372608145846
126331,0.45003437785417155
427671,0.7198617194689102
267524,0.5114544922328425
405517,0.25904094941406713
404385,0.15677625742211104
108251,0.1960935478075285
125507,0.20639720633976694
124347,0.8027498145131382
273259,0.08897476684043598
204321,0.25544123529261725
390222,0.49859860685960267
235636,0.07160143112534159
231938,0.5576046196939678
246208,0.11557868857186913
306917,0.5199635980286897
366571,0.11524987158402801
195546,0.31656581730745853
383431,0.3712814371661349
352746,0.24837187594501278
131045,0.6719975068688903
352670,0.09211931440863773
148026,0.5144043445478548
403724,0.39728742474087014
115831,0.3667856947982206
448420,0.31986219057801996
391853,0.3493168108274337
231504,0.577870015941902
291697,0.27800751965644804
413017,0.571525503716337
411102,0.2414168015392214
334382,0.668982085791195
243968,0.24499304883844977
344892,0.8083038898335657
290191,0.5045499095089555
280322,0.11009499149728719
309411,0.5410909574370567
393014,0.24284683416949202
443495,0.37640071881579346
249057,0.028658342468269895
253591,0.24081170151957565
186229,0.16734087162330794
107145,0.4740516884457363
370685,0.14884198027468215
190561,0.14277741796594892
244560,0.6185704825179626
279297,0.24040113789137463
305532,0.430180859803017
373407,0.23809281741199842
419485,0.24336314786895974
214415,0.42804320771364535
254472,0.03372059151489861
323466,0.295563261063234
402420,0.16132251443466653
198664,0.2814652107043461
273807,0.49969782388170997
119821,0.8848509149367332
157168,0.24579948498057147
441660,0.797802832639446
225246,0.590032626892194
129560,0.09798554995729662
323271,0.32019726032911144
150753,0.2133617104805122
371197,0.24997407818663236
116210,0.3286405589499421
271667,0.13987765003515806
202649,0.3612676603292186
111747,0.25771637878163567
230296,0.1821481461774832
400642,0.4426330046209321
285486,0.5656529628107908
103683,0.1779297643147735
222452,0.18591678956387472
315749,0.7780096548629617
108741,0.036696045034509066
106631,0.07925665737401438
249084,0.506952134921412
386830,0.06532789044494879
417342,0.39852760684187605
116342,0.43285488392975596
323488,0.38156042283295233
328201,0.085483033766171
291039,0.624511445965827
354830,0.09685364673056714
262002,0.2866198044026144
434802,0.2549046126351373
323518,0.38057311879611166
116926,0.580016113561579
155484,0.48798148284124715
317764,0.37982510619507287
155141,0.7505759818126909
121825,0.628349832550679
303012,0.4348157860471521
150074,0.3031648655599435
245030,0.3543263129458122
153595,0.31934095048444555
229053,0.13469036238976959
137673,0.28152431576826653
349654,0.2837808559980333
306863,0.08263523092202024
423691,0.3518532880777318
425385,0.2169157165138579
289158,0.5266928410738158
405319,0.16900367022752044
404963,0.43435592738678164
436935,0.18178725385968428
214014,0.08833296693574372
244736,0.43847758549827914
408074,0.3341399253020268
155346,0.6971569359120823
151052,0.7816612814580721
134760,0.19867467188831164
104502,0.10581927723865169
266543,0.3247305379440658
318551,0.3905968782161399
252450,0.21822563055904404
172527,0.37309237028445413
205013,0.0948892812206069
376336,0.7722234237088721
190739,0.1260995170673942
410256,0.8021683249954051
373029,0.06219046580908147
364796,0.050238475556598966
410663,0.34616353673844724
385902,0.15093982471087433
176300,0.5884419642436068
160450,0.7932143233008012
111960,0.5497554818632204
190825,0.21353106484768533
329812,0.06741327921914515
439017,0.2027884539373182
229663,0.5540134047506625
175892,0.1418748305092261
191918,0.09511816310761424
386792,0.2056206863260695
132704,0.5495758596674496
217084,0.061144184551610206
325332,0.31224705655246293
253067,0.07844139850091802
422525,0.15800678008972271
327196,0.6950346698710104
187862,0.4714803286293017
285184,0.04944209051596484
125215,0.141442967275072
326779,0.08873471073384959
280430,0.6386415874742642
327457,0.38332774366407346
414272,0.31882209823840213
316171,0.36513050705793054
303630,0.14409768785772392
226251,0.6815310898080942
303941,0.060399016270264484
366303,0.14199136194245993
124027,0.20278500727488327
314723,0.40565275315606564
287915,0.5232616994442651
270854,0.10799762082208013
422308,0.41713160898268026
360248,0.8030844021266287
414324,0.26259874824892593
383167,0.10042164692204514
172403,0.43127873166808556
337418,0.6542886802184259
282236,0.2306072396910534
279456,0.13054925366248588
407946,0.3388648977909481
181279,0.23288342181951588
280298,0.18567250968524626
277182,0.2891315873804574
274594,0.48296545561998894
115144,0.2940337271197437
310428,0.5959852088023864
178012,0.571984089403421
207811,0.6057875409784583
251795,0.434049763225687
138105,0.0885826748519418
111045,0.19406712478903831
405761,0.28559236064046545
440536,0.45455569172799365
433735,0.6836674320823988
415701,0.49053904216757643
231690,0.4084649871152887
109871,0.6929392895415694
274225,0.7225957116918655
345564,0.7395242007910712
304644,0.11842500033425923
176509,0.48773283566375736
267136,0.3173165780644599
358225,0.7181367808819823
260038,0.23092028031699624
109281,0.22087572400844466
133299,0.5206329562480058
405349,0.8033367675205346
206290,0.30609246725024886
177447,0.3419618402413424
219868,0.2689921701670266
327247,0.0903635240973953
316645,0.20926842626839426
261380,0.44599765876126374
248330,0.17684020549309587
376321,0.549368392375215
154824,0.5364579251991727
395856,0.3720461669286879
242972,0.060656322686873376
130236,0.7787355451798526
378347,0.6837680766920233
317863,0.7783080163819551
245576,0.7692752088665675
168845,0.27971984321895293
203108,0.28822739575131634
261718,0.7575435780912169
188192,0.39356836110189497
266071,0.169427906326688
438777,0.2347400698873313
265521,0.5885253589997153
327188,0.20708956027776257
253332,0.6189470973547093
348465,0.45167639460591585
153979,0.16964719574711165
195729,0.14890374584541938
150667,0.288530936808639
124719,0.11944540056590366
270518,0.5209200866107949
210717,0.26642973572327994
160116,0.18064608493821854
113999,0.8407218204019284
408986,0.3916666532651484
193060,0.6797974664700979
415536,0.1666372488911093
238928,0.1635368874311883
444240,0.08338913319546265
204449,0.7460901727990155
334748,0.11399998867857383
140518,0.14275433414408653
304257,0.15588746364259953
393361,0.6941866001043531
202816,0.5247243758165057
233775,0.35936754124196735
405700,0.7537597381407931
316600,0.20249432441741777
185978,0.5466382782897372
317206,0.16146556838214346
138926,0.14406781277831535
315711,0.6292576379230277
128557,0.08454321317254135
194213,0.3303915116201423
427668,0.48653630005422277
295162,0.38224955416788725
315677,0.2943471357857556
334492,0.618637203252007
282270,0.07645589314294739
132485,0.8005338168986359
161558,0.1259178151425745
353654,0.17052668552735692
309124,0.06889948124433494
140945,0.7653704993896598
145560,0.7130784832855432
231314,0.5504048163981722
398473,0.06484275529092765
265854,0.2487705379802827
327267,0.06333963618305702
427703,0.5035088764462273
286627,0.35263508584744835
432769,0.5204668864174955
333513,0.5622441049523211
434669,0.15321569479646327
240314,0.5734530216243242
247290,0.1599039801975394
335073,0.1256228400940193
192008,0.278946484839315
194164,0.1593311493260611
254591,0.35978672566691683
278909,0.1881182869480347
390268,0.3318814051137432
438264,0.18955649143144432
154578,0.194235264624232
341926,0.36579767744824726
193916,0.5644714018134805
415108,0.80920442624417
312950,0.1698136177089896
447727,0.12418867670730248
427158,0.6804138829267492
203462,0.5594453984693408
136579,0.08574458686157563
226938,0.6699330651006209
190431,0.1749911370150631
326502,0.4139475609308389
176866,0.03032446885948762
444831,0.1316393410184672
105574,0.15454895780281191
360126,0.10091874148380775
200567,0.20705767768669336
148423,0.18173468087603287
370646,0.3147326992377022
274465,0.3354898248990921
303362,0.18345556700948845
298115,0.4773086144672316
361812,0.2922807620730965
216587,0.4421299835114228
255649,0.20752750698219935
169810,0.21238696588834202
270847,0.14509548889325402
209705,0.5073150774937333
148076,0.17289072125197036
425461,0.1565465693572103
257932,0.15649235501443576
382135,0.4113207473509979
325552,0.2379645349753093
415687,0.47924325866516954
316313,0.042135739646225794
116187,0.17833386718109479
205183,0.2999043776078046
196281,0.18951950572108772
245178,0.31628369844846427
191942,0.3717596061911989
231433,0.32298978367858283
276993,0.21106035869026923
152506,0.20600816064574642
149319,0.19305931074196792
286265,0.4451280723719944
308761,0.06928841050288577
162201,0.2563953947001248
249898,0.3986431516416706
301021,0.8474378369131933
289055,0.06867819754462398
201853,0.07709686296211958
132888,0.4718959806044236
105978,0.5192637163322618
195505,0.5497917382812382
419806,0.3623431061032941
242143,0.47241929842773467
215077,0.5268662574375985
377781,0.06504238906788654
392868,0.4558134836253284
345150,0.09254336118565078
323719,0.0838799165973223
416239,0.7264113692071418
443974,0.04753269907975061
288167,0.057237735791367844
362298,0.49350811723578053
334938,0.6072767010274329
303848,0.2741089010278821
427162,0.7839075003006019
452191,0.2847823031949337
188399,0.04122751800224024
111233,0.13616946072964567
260316,0.40466853585280915
258360,0.13036574569864173
283041,0.8164897285496872
268032,0.2169887743336648
449035,0.13338264526164517
126307,0.509493398042022
219180,0.08953608645871666
371731,0.1898756503398219
413274,0.4951035072341141
417996,0.1521486757924034
406409,0.08167211888810202
219962,0.3221618622230181
318531,0.41751381467711396
197631,0.1931247853719055
329713,0.6173573144003242
350933,0.23248873199639472
115114,0.42257512419348475
335014,0.24610935415956584
271880,0.517692847709825
111703,0.033357785405816395
145476,0.6159225082326074
274482,0.07402173837757417
423959,0.5559068596217631
397517,0.2254574001512536
409068,0.5040100334044235
191726,0.4794123881002356
418915,0.09223312814358836
278455,0.15083485764851287
300752,0.5854062947209734
342614,0.1615149448276576
310482,0.26957551050884104
431591,0.40832836050183524
329007,0.23132537150576668
417956,0.09862417246181686
189800,0.1558955492344818
371433,0.31703890177809685
307842,0.4273344191846975
413645,0.07890141322171931
213542,0.15472379288202162
270991,0.35103414459522925
188645,0.6157234614002269
350764,0.4581288616464579
264069,0.30121782225932386
282250,0.776104562389941
238858,0.22898876484633982
322332,0.2873550183614521
248165,0.6373598249620798
124285,0.21064250019040998
251297,0.27225016333076163
161253,0.09169245241433054
248368,0.6754504032328498
421980,0.10884121608034379
321131,0.33793238731603803
363955,0.6019129991160942
122521,0.84703608799552
414748,0.4218122836541971
211718,0.1849675246565163
231877,0.12285934793696399
322432,0.1579227768793168
345094,0.5657693536204131
192800,0.20010403029602136
277610,0.5277034031873221
266644,0.0238498962039404
337170,0.21985645898368472
343647,0.128639532632976
316060,0.26053739146293553
310659,0.6100401274167193
385908,0.6278549121557848
249695,0.784524791583808
142223,0.49131234201998947
223635,0.388358083815051
257023,0.1607673241792739
376733,0.4079692887620935
412193,0.15886737387467414
163981,0.2653869639152752
326451,0.1034171564927934
436032,0.10479265949862555
367179,0.12618855686293315
272886,0.04955395124313096
164676,0.28230668520453617
270310,0.4988807053411825
119977,0.43738700700067146
161201,0.3969305471535311
454198,0.7566059866635404
306175,0.4016826705675537
269549,0.041799979320621586
450878,0.08538714383989687
336876,0.1937386629806008
409065,0.8284467139969764
355846,0.3975138392222667
423740,0.2774381225801973
250324,0.13233501649358184
244529,0.7836471488677283
222711,0.4290057582685173
315291,0.4812720186046782
385563,0.17804901325066785
207483,0.0964438802348515
381121,0.47695168706368263
207634,0.02171852933926831
383279,0.3554114122198658
410298,0.3084653155815476
299238,0.35023530374966083
430011,0.4932060443019039
279281,0.16515730716139845
396310,0.1584691052396925
268214,0.08390368018429847
319898,0.291184888271699
331948,0.4896682297730408
292350,0.3722367409754849
122644,0.14750699120534644
163197,0.17617022286673953
402264,0.06655138076969926
180625,0.8600921047416487
150759,0.09085862757247357
208837,0.12578091768690902
326917,0.10888173427131242
304604,0.29812125366219533
437945,0.11958578375112791
184193,0.6676059133057971
324087,0.6063660373756454
191684,0.31516917493173563
201908,0.11506046188228025
372132,0.1467388546636215
165840,0.6799109158930584
215796,0.4978455632377046
222401,0.5558065261540862
366797,0.09376560232356462
269732,0.2696602100371095
308465,0.2989866565153491
210201,0.060737687276385385
164134,0.27781275251043264
179765,0.20578614128019415
279376,0.13835422297291278
198384,0.43102987414238064
211442,0.04753063756280285
300366,0.3669261517925201
136449,0.10542162392507298
113909,0.07180557412833113
403524,0.6811378738264023
329256,0.2523733919371335
319248,0.30939008598419504
354601,0.24590044095802768
434615,0.5706339990364993
113936,0.4338324279587766
440773,0.2870660506430431
280342,0.2037111265730833
264299,0.30948924351168494
282306,0.327408026966047
143442,0.06709193671465144
348703,0.4974837826993406
289802,0.44371939831388524
229115,0.13813372795161416
360103,0.37768875575841193
436750,0.5250683719249212
336592,0.4885740077097186
327287,0.21561109253069305
438547,0.26664700197399455
429483,0.5420621017783998
446025,0.36963694367826955
250522,0.7558016440050095
449578,0.02386600207219944
396952,0.6451940280430868
322800,0.4449079276910843
245233,0.577349904854519
169719,0.12334155041773578
276437,0.4380343624810802
299981,0.1560545840974484
407081,0.6209947082566117
364096,0.23328383007511147
250088,0.7020444585620299
148364,0.3206772260160909
362652,0.47053919918046
279909,0.6761583434305867
448937,0.06852410145646717
327238,0.328588223911541
329075,0.08634075166408303
263864,0.4466824061127917
169477,0.09770370254157366
413593,0.15394178623283647
419913,0.4973920825392898
365254,0.7150847918642009
218709,0.20646272332996493
318173,0.44391968771725704
194691,0.8553579573807385
301224,0.7791335335068492
233651,0.6494101789924835
313750,0.33742442159255726
445417,0.17705929693502453
404310,0.5928867568446281
107351,0.06770323568891175
121754,0.4505231478925127
113951,0.7118141420221499
289831,0.7762234287069031
149927,0.10785600302969775
201281,0.46778326857619795
282715,0.7003983147594736
420271,0.20067622373211882
425372,0.04243815792266283
311588,0.6724793049324091
408352,0.13395320231680027
266544,0.2185421540781683
205903,0.35109001763989167
348949,0.29810847204848057
222121,0.44941141888209263
390922,0.044129329238270225
144151,0.2841525957460963
124552,0.374255930876446
398347,0.2628125152266402
420565,0.5312449100269544
434224,0.7151025600606552
180699,0.10230097252041802
443364,0.741344757785298
128156,0.5903660633080933
106441,0.24725983951517608
447709,0.8146261958100298
379483,0.557917286049703
429777,0.39494043565561576
433356,0.08188956539141794
318694,0.09715131525652354
396063,0.09861770493856525
446743,0.091102977695541
327334,0.5316577974137423
393454,0.7945157168624807
189808,0.14705537607235794
162340,0.333385896469978
431203,0.532437297333242
408616,0.08946521316269178
215211,0.2603908205062674
261746,0.645419955367485
417403,0.5828406717827012
207687,0.37381092681292133
392775,0.32542992711815466
320062,0.21095130611816906
118202,0.6646891530645731
254953,0.5377894197598787
219062,0.05605712330113503
247036,0.4670368199691959
112879,0.07851046054151327
388465,0.672846545880768
149062,0.2078311589015031
197681,0.29594786616704105
223310,0.4621201925777374
312841,0.3178461623052533
302051,0.19115225329460586
117225,0.09354541439245072
236239,0.2700909486772093
119778,0.1733767894224153
284340,0.551786337087835
432129,0.6372436481011857
273764,0.09068593845879953
253348,0.7216861830711652
237344,0.47276079257947073
326084,0.17028289644773603
121186,0.18724180051170786
393738,0.10355850932962316
327828,0.8723215667088429
424359,0.32837384823953936
240972,0.12907812073509992
340456,0.260884092172997
229459,0.7179643095645469
194533,0.17886673327643435
415695,0.2831694130808847
247989,0.25737603174074175
226387,0.6676032679618519
291324,0.5612641477031411
403817,0.15826079204861104
355666,0.22145392935646463
258590,0.1573412166123617
256776,0.7715823108448957
123751,0.6168029409894237
234371,0.2637261134861594
227026,0.12588590451518458
353496,0.05906072571429567
112312,0.5362963449304203
275488,0.2063215751205271
401447,0.12277610756866811
110889,0.3205548974398476
350731,0.07079141905710593
395593,0.13714240663681837
288012,0.5611838362042747
121556,0.6911461759676939
317322,0.21218226744813298
165802,0.05616169467276125
160011,0.2589191173499845
128884,0.09462379190500733
111142,0.48272899478057674
283881,0.5232690689776685
150764,0.17300837228494068
182179,0.7013966324441782
170878,0.4230476213016663
155204,0.3525591374001022
182525,0.2845068339946864
135527,0.20235515544739613
289648,0.4683624129648322
143738,0.22234669707410587
254056,0.10668460439180921
387973,0.4272888282461812
146198,0.1439826228244505
342836,0.2909124114860608
204416,0.3866462321272921
233927,0.48169634356526925
136617,0.423361209096369
311335,0.17863184520710795
116806,0.31822195809691983
266948,0.07794891119440549
134528,0.12264595143780668
222167,0.06867536788410357
434108,0.4639541263188871
194505,0.5436646598638564
387884,0.0674607202783708
416901,0.10372405173368789
319839,0.4977275383555216
217511,0.6805837381522447
302166,0.20522348439042046
213170,0.7270488062518062
416273,0.2751037929441882
235664,0.1874618504386194
373448,0.1732710612323046
124000,0.057188218227537904
228947,0.5774333362434216
329297,0.5753101844053349
420297,0.6185502857821299
103609,0.30477996827829457
277501,0.21437585609354226
374140,0.11627410013250915
111652,0.11002117521270889
306021,0.26505877410564616
102927,0.4518104788904756
283199,0.6022364493211166
143016,0.5829751929644951
443490,0.11970300296438642
198799,0.2947900569194638
341785,0.5449203916469527
194526,0.08080290960338261
143835,0.05900869702288172
380488,0.29193970895393584
121258,0.5307393976992282
306441,0.5530986160431965
443134,0.04318851316582563
351967,0.20652214808026764
128724,0.17830315146911327
357287,0.1888675800732886
290128,0.49887166652435766
132996,0.09462020906040675
443908,0.2768026837130607
302885,0.26888247600862286
403824,0.48639365827396447
164957,0.7349310859561742
413262,0.4810517316310371
431263,0.2663454941469462
195900,0.3284518935934082
220511,0.0879095639631141
379108,0.34050680928154803
331207,0.7618470679479117
388397,0.3748482566714583
318267,0.22039060715518835
300883,0.23019851207043984
334307,0.6129270534070012
247785,0.15626479560500328
439505,0.3758964769682093
346118,0.37727188120937255
100760,0.3592503421461315
273420,0.846880726110817
309547,0.4179741760365525
262091,0.8494003950322293
343611,0.09331711574699653
350810,0.27670618657026586
442826,0.5680712308519617
358271,0.8569236923890725
130449,0.7667477126376852
439222,0.25615509959907645
139211,0.18494286242330987
235283,0.36664926619785865
397726,0.7572222803552782
444832,0.10625145687166093
352539,0.30637110992350075
205623,0.024839192816787366
116745,0.21574136253338608
394289,0.11466175344134287
329034,0.5966070735307257
353812,0.3891720225258316
273304,0.3117410356957439
139595,0.6359345165355693
394537,0.6912170212092977
398239,0.16259442851238876
390504,0.4508258394348075
188054,0.36381053511172246
312827,0.5587890018896655
301941,0.4126526052127262
302761,0.6252289681604515
339563,0.12443764836567316
388193,0.3758108817300237
152129,0.5578633021050861
321298,0.17728548503736113
431765,0.32301822173391215
205236,0.28537789786477524
211553,0.633371508977669
444764,0.26582123155426407
405660,0.15111509537777076
405511,0.40941021827002466
360189,0.797502629310831
363253,0.3290089198402822
188421,0.06525551285465302
126715,0.3568388622459432
187117,0.5249949490553637
269913,0.697803966023926
194732,0.1689790898416674
339786,0.3646514256237713
252286,0.8325620099194171
419821,0.2553499676234752
429028,0.06094648059349811
319310,0.7137392994400108
450454,0.18292005495058608
114198,0.14142587159723313
304100,0.09875167916391267
198689,0.15250644688182674
408516,0.34347695593405475
246134,0.17973065346689818
405963,0.2780584772690865
391843,0.04283975226799598
414922,0.5109513513025563
238198,0.45683168797069407
222067,0.07266829290470297
118791,0.17482323991276424
179493,0.10710482923836988
110769,0.10924942160070829
325395,0.5272877064991112
178015,0.08843093130030522
295016,0.25935553527202104
191727,0.074052279376504
180382,0.25659771537337467
171487,0.06953860922799857
384869,0.4374728192802935
361511,0.06941830361669299
143115,0.23392163207331162
168842,0.5139444196337783
246624,0.07747296479694704
235491,0.5701572066211136
146476,0.17896746767378727
322730,0.39379461618158845
168810,0.6546405899709868
395790,0.34804175383115815
406254,0.023883534380444174
364171,0.04725692734456832
305555,0.08609266340177972
213167,0.7433197086840203
214008,0.3055278470891261
411115,0.1779304306135149
185629,0.10521671996754442
117483,0.586131147785351
425457,0.19418239469772686
187415,0.2857686923117153
324345,0.2685644445710733
254161,0.21576901857195463
184531,0.28444209074993815
436250,0.19069392908158336
130344,0.3037121169575182
142087,0.451587357777828
412220,0.04421441085293666
454075,0.3864441449903838
308591,0.7521704514049006
292248,0.41416074640086514
389101,0.441133828456105
264037,0.13382582336883872
178009,0.26951012604984015
106550,0.6360964765075477
134807,0.30594565278514757
373559,0.7917945820814304
316843,0.4397210954995367
444573,0.506119873355493
339599,0.27954887858576705
429557,0.4006008088810438
333497,0.7696286494411608
122170,0.18052527057679424
427115,0.4889289435649164
329709,0.34973128438544715
348726,0.6607530206109757
311636,0.3985038021828224
430107,0.3476242859995502
280967,0.1334424664512073
128571,0.11337577942686934
260830,0.27621487102309544
149587,0.49205261575516623
356885,0.5859037801659388
253998,0.8572538913953656
402974,0.6501192685023922
118585,0.15881143707598172
444008,0.056565194412923646
228770,0.2650129641140943
379102,0.4780206120715282
300392,0.8106681952519579
248583,0.3475015430009116
282041,0.4611531614184738
290355,0.2916958510912239
374225,0.43692157348868593
432612,0.8367718415941362
193776,0.07276280026199321
162030,0.0943900635838697
353427,0.16655980488435565
338847,0.14618983544612674
118642,0.17800394191451457
403099,0.09786876130706476
373458,0.3772238264923038
289783,0.21788002883473032
305008,0.08740859691470564
446546,0.059062729564936016
231306,0.0827750456895333
303169,0.4144793992883356
231546,0.27987269060576747
204837,0.0232513572854593
323008,0.23736358769760013
163258,0.5143158629946417
206641,0.07643562769591934
161816,0.048160801146166964
360814,0.1464769549340573
190394,0.7466602155298313
370386,0.13410814468324628
358992,0.16460918305609315
273595,0.33193667084169287
127720,0.2039727464194722
174887,0.23099058521639096
401184,0.6631157454298807
342358,0.4272352357137785
453892,0.8225802587639844
190899,0.3557986364813623
105824,0.31146773035917635
187319,0.19269506182815013
363080,0.32856524432792705
350862,0.15781842841974725
419833,0.657293134231271
253863,0.171900186411457
233830,0.2479851850543096
198114,0.6815912031610437
175773,0.06385630265226752
359994,0.545616521911653
253350,0.10579541965267766
326057,0.25286234990705614
372399,0.25400295316840427
319877,0.07602296290603815
425368,0.16807324974256602
405880,0.15161881408859335
140451,0.4133805826319568
390760,0.6074835737145495
149592,0.4234046513029515
205569,0.3871063494711629
431625,0.6669900706996091
261007,0.54585890526183
180698,0.12495463473899662
392964,0.38279594774284037
371397,0.1918986413924246
287274,0.2882855897122642
195116,0.09871587275650678
407749,0.16032022437745477
192324,0.41210839135725186
265178,0.33567240580933944
379776,0.09325642489925465
401924,0.6993661408891456
171182,0.6323921332891411
379476,0.5002561647541063
385023,0.18889131695724504
441244,0.14056743022689172
247157,0.29775647452422743
429882,0.1596196755793672
286594,0.5895227032588181
299393,0.23501404170058637
170612,0.7214508403253107
153093,0.14715265571270586
220018,0.27157043511535245
404336,0.2788683883702425
346173,0.11623680703889766
359143,0.1915082043649579
376094,0.5774538111049176
417895,0.23760998591781965
376298,0.687010746266635
207314,0.3603113312128176
272717,0.37342745899107177
233421,0.260254304632687
110604,0.13308219902551652
319929,0.3186963524829429
257564,0.3392950309839071
269194,0.1303896022284632
116135,0.12534042445307458
291491,0.04807333787843933
370475,0.07389724569271289
289258,0.24450499978220122
354479,0.1487545364488003
283220,0.0928887876473504
432482,0.6673299501758234
212786,0.4479680647704522
373646,0.189831213295975
402815,0.4030088155697179
294004,0.13711427696801468
371837,0.14150604911140033
266888,0.06154646209541139
416288,0.41133624156556164
256235,0.5153040655825927
151070,0.07499029968125337
238238,0.3194052918562733
247521,0.2357008478773394
396078,0.5830642284828715
411842,0.8567109525359975
144784,0.27560905185595297
319530,0.23014979508606714
423083,0.4560238631031464
366820,0.13161760749072235
424765,0.08318344326220953
310159,0.42447354422208416
362063,0.5150475219467426
448282,0.4102079397709483
384867,0.4639181589498619
151348,0.343835797034739
171147,0.1571126068215082
405996,0.05621464310817915
368424,0.3906678675325733
214724,0.34759902358974165
163821,0.1050966214649787
334486,0.5040601508267909
438651,0.34387613001823264
425433,0.4943449219911723
396562,0.6196106408777129
166889,0.0765015564269417
245836,0.2586237163691151
130340,0.6952502002132156
391661,0.44993343262717883
110360,0.4403034589309194
243299,0.7169965111613114
168752,0.4848995359051527
173236,0.5814639305034486
309161,0.19499074014758416
426437,0.2518197751278777
312428,0.058071642125381406
199833,0.7232856857379406
180402,0.4618100370244532
257304,0.061461643053906195
309776,0.2927212540378337
308613,0.1767671882461273
210146,0.2821633786882723
259759,0.48959233540415736
222482,0.308792167659056
265856,0.5297458946159661
198704,0.7928056719200481
299317,0.6074238796692223
146829,0.20823742172051368
424272,0.27279559036853274
166916,0.34137021131243045
431010,0.5162906690350113
390092,0.24674883144398463
179050,0.2698391414995141
279095,0.12235057065755597
217703,0.3828403277817875
362347,0.8179345656006825
344662,0.22197778398076895
133053,0.06574398606593818
406596,0.11982267454387516
266321,0.1524714907814053
305813,0.09796207092180369
172570,0.3464706694844842
377159,0.21044423579788035
405512,0.033344122035811864
357527,0.244404872124834
231427,0.08906972274249743
391207,0.12517809283133785
389527,0.11490230892199153
167257,0.6911945157134727
321652,0.18573121027347164
288395,0.058453030669794265
274808,0.8085338993924118
152915,0.10900415512798402
379129,0.42693693303710717
284002,0.6347974246155657
115428,0.04616354234581763
270108,0.15035190561627435
191568,0.383742331724126
413495,0.6174578548191015
267327,0.07888234997515807
383804,0.27217875133470554
247105,0.2758941099629485
382796,0.1074366843503777
249774,0.18531903464545327
428200,0.18384246788947148
354606,0.11452954500703313
211098,0.7568373611948495
176352,0.4042630932976863
220842,0.368696817549447
351625,0.14531630416728675
287530,0.17108607068163548
307241,0.3446404475766614
404330,0.28963228633288063
149416,0.10747988674105594
242217,0.3487905849114641
282478,0.5141316562359737
176526,0.696946852320774
167851,0.8779357139976459
432339,0.10858864609156593
384880,0.1484728315001714
231773,0.16533098712438554
270532,0.2550219951683464
374617,0.1723616934464624
142387,0.41021864453304313
233074,0.1431433109750195
138419,0.12089234956319046
450111,0.12861574011198046
417433,0.32440320145735285
160297,0.24380089821739992
317955,0.5468557377000407
428054,0.889110909971492
321510,0.3412225023776272
123037,0.11461076730341702
212655,0.7100517400303773
421386,0.7604717114219927
196726,0.6139194125310199
376614,0.23339293259369534
311916,0.5116965322621561
138731,0.08103642879841186
235505,0.3633577565379512
444658,0.2925823881195488
225991,0.12968951288291672
291052,0.2054031473901896
197862,0.6323457297271913
318297,0.08684085926230935
289007,0.47504348321752615
103574,0.0971613807272372
380879,0.17444789087060808
105134,0.25668588742660936
428240,0.05299872642918701
201116,0.08783414903646625
289498,0.27070683303684623
251955,0.38222706098879916
389554,0.690574440391234
406941,0.2118923683255469
199126,0.5535968790743946
321625,0.6390192469995236
364710,0.7100405994389221
363744,0.37803786926871114
247595,0.10708858727899288
449747,0.17159605237175507
169535,0.16264940062582342
183503,0.10989297036061621
224916,0.5646836596560262
147083,0.21461124575364063
279137,0.3904887775545747
102100,0.13042628700040396
355114,0.3146941186142587
103404,0.2869060459217145
256918,0.6091643313947134
101128,0.07125920606693
211312,0.5250066462333911
340576,0.372762972828391
327408,0.2014445969790223
124289,0.12410933821292239
302751,0.22984861945581067
246619,0.09118648853703051
415111,0.05360911668424208
264900,0.5523292610324617
411196,0.6764217018708782
110080,0.07743712424818729
133777,0.05823146626803948
310044,0.7275591524234942
199522,0.3459893693692269
140672,0.7598302240341548
318177,0.5479016423685811
153901,0.5150475167167339
215856,0.5811998829278787
253088,0.14450717873399815
273818,0.17559993377381147
414144,0.14929068739391982
449773,0.2683255163103005
435874,0.1872439158538625
175684,0.6481446219799862
198095,0.10333791741298665
266462,0.10331336401189373
369105,0.45330458528945855
288345,0.2716229765564877
433575,0.14746273738726332
157409,0.09202038860508391
395085,0.49828753336589404
181338,0.5499725312543251
330523,0.735038605953082
448012,0.13893995769946532
172518,0.6951080684644775
248411,0.0987534793523036
150311,0.20847686140129798
134016,0.7920142033326609
122874,0.8158142428561499
423986,0.13880650752918375
402653,0.35548748687689324
334621,0.60067011402649
328246,0.5025259994236979
316216,0.501606619860552
165046,0.23172584008315222
292737,0.062437919617910696
134880,0.7417182012662163
237118,0.10473060366009675
144904,0.1940207920455247
132193,0.09145079771484674
265474,0.6280680460792925
120680,0.46598702166154116
182994,0.41142762790357873
304884,0.40597889806050563
150488,0.42223547325671923
154122,0.40510043944838253
313573,0.08128236290777235
347483,0.14108083830500326
456011,0.3977653890750687
333801,0.36441314613201947
438525,0.5565605485453313
447705,0.2707971912474559
403414,0.27889836692216685
204736,0.6437258136165673
136337,0.6737215730835655
385910,0.33465863051182054
312879,0.6442577652310172
183450,0.20146938589563393
166349,0.2446439122506463
343256,0.6916936852437161
322578,0.04386203011161438
213998,0.30976823919940616
396614,0.7950339488388956
120388,0.0631758954452426
139108,0.5694106482921407
404475,0.2349736155930641
125695,0.23741665674166262
450260,0.09145234766925321
287146,0.05692425678172009
394305,0.5762453238912825
277185,0.1779227085108061
253231,0.07598479703398893
165221,0.48943504455215125
130053,0.4545015702353825
287632,0.6394648345660476
329249,0.24862164803550102
177797,0.10424407553042306
205258,0.08751822599470149
423146,0.38920490739450936
424838,0.5616391289592066
147982,0.7332154638067746
208400,0.39147471897671937
255425,0.553836429220956
420569,0.4801778622675467
347456,0.18804271745777523
115804,0.3851667154818901
264811,0.3259483073233503
205600,0.46403541262611725
369698,0.5294325763456026
284907,0.5409475163195229
427145,0.16820114559873228
294336,0.6602224824871958
207888,0.21227951220598834
449476,0.4716921819520342
115778,0.735632158969203
203552,0.037738019034611124
276084,0.06538291827052027
150659,0.24546300354420858
425441,0.14527718775057735
265791,0.41110093914742346
257025,0.5341497248660464
398444,0.8430126769323795
389338,0.08858870066822776
176067,0.2506366795276784
130061,0.15224311820690592
254376,0.5056283213952397
291654,0.28038468003226463
186227,0.07582376727014176
327704,0.6273511544055129
170776,0.5208921401193902
400315,0.05492935439035955
204539,0.6909020910754193
398976,0.1262044826788063
313711,0.11725935162176412
350867,0.20401564867903413
363118,0.7938691150442934
206484,0.35825813239096804
348195,0.6320354710352087
211964,0.4373188212887643
455752,0.2890603057950352
280879,0.4766313181185154
103453,0.3386336621179094
295524,0.07577827495900159
297651,0.2627960151474172
349297,0.6662231375604725
209921,0.10101990120953608
379124,0.2051562905663332
172533,0.16988366263228746
283143,0.5640865527459658
277816,0.6378631373885201
299985,0.40355655773150423
165465,0.4192332161028126
242766,0.3743700986903106
342981,0.13855548199633533
313496,0.17731042857024548
352700,0.44035212508964333
434387,0.3195810224903685
381130,0.6152428168897353
206209,0.286741044402789
156556,0.5604058752239308
204822,0.5318007252739003
376279,0.3869512506247386
231312,0.2078116368206964
119069,0.32452650111043535
277070,0.3477891736859872
155323,0.6218907469852579
141997,0.3298965786037554
411424,0.20498621904493694
167051,0.7391080647281253
157836,0.15881687685304796
450398,0.703385001776944
427379,0.16839006536062387
131268,0.5055681727628643
244179,0.04817490570783289
235968,0.09638501352867705
330004,0.7929080758717537
386844,0.4277751069650441
205134,0.08097129182473842
188990,0.4566737841914356
337294,0.4699324576391472
137687,0.6143906405517194
105471,0.15422620773222429
314366,0.34370900188586095
205118,0.0889247774609844
396403,0.16574204903223322
197664,0.43973283243204364
299900,0.4133391791867214
179753,0.45792286430915347
445700,0.23024493843495228
109014,0.42379762269661464
212009,0.19250993488675638
209729,0.22916189048197827
208995,0.6591498101960882
275413,0.7519569326962242
194057,0.40313618891034053
107260,0.06652747020633003
287349,0.07784292165374229
379134,0.6159561485211944
289062,0.6675264693878482
307373,0.47900181081680854
381467,0.5752746275895873
369295,0.4827488633549847
418487,0.5043546820498774
122235,0.07531368394241912
272583,0.3117166376573016
102987,0.7196104730115275
441061,0.2308556703734115
299137,0.6037228071559589
370439,0.33594836389726357
313469,0.04995540777219536
376317,0.37162479492970163
436404,0.42524386116363927
207533,0.1716341088661685
108441,0.1787602147187765
122639,0.42915848926088374
344064,0.2625447468857795
449788,0.5957525164654055
431974,0.05958029516791344
106411,0.5690998009619216
388255,0.1943219797015479
139164,0.5158728749398676
218203,0.25588048449870765
419491,0.35563535998751694
376732,0.3260039303978484
307804,0.12981384607511318
298532,0.6307349910165374
132419,0.09011522153375995
115078,0.10215751189184163
301201,0.12771193019975907
163437,0.6969828582094291
440397,0.36634209319660394
350794,0.5088320545647332
248613,0.18582885055082168
162002,0.2403088902059582
360871,0.297189467959662
452748,0.774807865657067
218266,0.28499961210068664
452237,0.22316486977698288
238199,0.06664600362965462
215000,0.6962360932610725
117835,0.39808316557016854
419838,0.0604001733156989
364539,0.8248330316245058
356818,0.5609046109829187
214859,0.844591319231354
444018,0.18425427347109583
247715,0.16264795479439892
409278,0.08291486677230064
150558,0.5754755748715179
371857,0.0770191695130832
434180,0.24616200160584062
390365,0.13147055124025397
106607,0.32574257648149313
209094,0.16410313117756573
119344,0.3592254473207551
201943,0.4066202739232221
146202,0.1854935328546606
324596,0.8162070805386037
335754,0.30135469595077624
102475,0.08044392524021557
270613,0.7225421845525408
366010,0.8373507360883099
227299,0.31947152198357337
266455,0.1295599687849131
343144,0.5723009310639318
242689,0.22720865144106855
407920,0.20529836364689955
370213,0.37809283527258375
243208,0.05468106042530087
360458,0.511156852157503
358178,0.31117073737726464
227731,0.06933908504048934
398446,0.8358837432686018
157948,0.09837981222923195
217162,0.15080392836088516
367547,0.3317657645297807
268301,0.3180318775613056
317079,0.0747551195436704
300240,0.7998468638329742
141426,0.45947579114436987
123215,0.5733687144849965
231987,0.3334839498296142
121422,0.5254688229848916
113438,0.40935773217486365
454707,0.043282817337682765
129632,0.06843555667093733
106454,0.2451604688154646
289844,0.34949851393340303
432188,0.05836375101261981
324180,0.47876178117005963
228979,0.6787181283505636
116153,0.2720013641837243
149996,0.4447745553753882
190008,0.15226401602121625
425107,0.11776854453648203
407353,0.277937772949137
234136,0.24002549388042355
322786,0.6592693799430757
179827,0.09396376679739676
244364,0.09517773722436493
102005,0.09411402906695003
313339,0.4329391841724427
253015,0.05796910622666611
203854,0.08829974096727944
340683,0.4925323741542485
422554,0.5902200624101314
325121,0.6645420851928422
137193,0.6316870856997228
355769,0.1556335366372611
447546,0.22129347614912015
360004,0.23442011077597152
286175,0.668299413763482
345093,0.33653226427503447
299496,0.49035353128229797
186491,0.31965458079276865
206292,0.6837765084987036
261795,0.31220210269874393
320172,0.5601147822439244
269610,0.8333546928923109
389694,0.10816590265729106
171119,0.4565984065988885
433312,0.14981000384914953
227837,0.4081026470957212
303288,0.21367670551745155
362967,0.5284996316863374
324114,0.14826659631075476
286405,0.28199367500787204
245627,0.36689593505994167
346141,0.4002452959568585
321107,0.7447993571621677
107908,0.19998233884511912
313645,0.3180291730938099
305286,0.8009914970965072
280450,0.45592912898930604
192423,0.06802659776385697
195341,0.35245299754852366
289924,0.3876968358798494
197010,0.7636800403902425
135052,0.21349528335424403
346712,0.7046111405024404
129187,0.10106935074166545
295873,0.299009820660269
269741,0.14721314051482273
168313,0.6747685929454937
145844,0.30298988243169317
322472,0.7620272281463671
167871,0.031433627198992044
110416,0.140299483819204
181186,0.4748559270812023
165137,0.134242478058197
266680,0.19012275174129403
202085,0.6590235866956559
369233,0.11387576324646723
226735,0.20708996408014352
407519,0.35791583403429494
138639,0.13982092692937093
452914,0.18953309866245707
395668,0.4153875116793783
359202,0.1553459537484695
356140,0.13335231860838043
374911,0.07570443223813123
354377,0.39722720333406136
378124,0.11085488937246862
455537,0.2261916583020993
311829,0.23886126246797781
240899,0.7386368439111909
261885,0.16422373720056319
370770,0.6786220587777589
334457,0.13692758991318793
256177,0.24809825489470308
373805,0.4745288406690691
431682,0.11693401753945008
258249,0.034002760625881236
176853,0.059839722533685594
342163,0.07999656556782267
423711,0.11911795673523637
346446,0.6710688832649037
177959,0.551060702218532
160983,0.29596546865213547
167755,0.14682380192043862
234286,0.14234242066121727
230931,0.7858673303801456
319067,0.15710481960564934
163895,0.20682359733311548
245564,0.7515752826664517
411565,0.12035456858820608
223740,0.253478168572041
183282,0.3944844719551767
116175,0.13973219926821664
266020,0.48287001444866856
393138,0.2253280127752209
115405,0.40261272939959675
363394,0.25214318542773434
210080,0.18446664077240596
196476,0.5806647784029568
321980,0.14926224932507343
356816,0.304369849022313
194908,0.46130959431241947
305881,0.7616767705579687
302462,0.1881071228479923
184653,0.18995989592082216
133465,0.3900427585100225
146761,0.13083003676424623
104482,0.40334389326576264
183994,0.11956119610742032
184992,0.3481869332029497
109850,0.17237397304546995
144087,0.11249077423244412
270188,0.10010208964476394
132560,0.12730668412712517
376000,0.07866784232999054
205445,0.21590793427654048
150545,0.41725471592169777
243581,0.07789614908694954
186679,0.3701734937347779
402925,0.24527964289336535
285305,0.23648532112612972
370757,0.2238244355571803
151119,0.23166962900524685
337343,0.4759552994544552
131528,0.13927451295052515
404478,0.26493017837795324
145698,0.2750032222855347
145907,0.45014404189745566
321035,0.6023377074186695
120982,0.04162668670369372
238308,0.2024983641317657
238512,0.0995976855537242
149490,0.3867977115178115
319308,0.6829958452716535
353314,0.6422203533552887
253787,0.4461542025490073
138430,0.45603325363486297
210767,0.5703460553548928
451342,0.5491714886365398
220386,0.7271667695545678
430080,0.27496340579237116
300207,0.5636224997551104
189075,0.7338571494761841
169669,0.48394730006516307
348551,0.17109037692379875
228808,0.7375149353485785
237116,0.21358869299103372
280444,0.3966593706983977
312916,0.08956382252264655
425313,0.06620174566995446
451840,0.34968649828490056
230878,0.06412429759615502
110319,0.3925068411481787
421614,0.8006422539566829
201135,0.5455281364905916
345387,0.19901317403798288
293976,0.4503194603827025
202441,0.31915519164322004
256213,0.3619425091077696
172829,0.6592453277832641
327772,0.8365236824823751
245853,0.05292492653415278
189512,0.22651135017463483
416793,0.6268638795273205
441373,0.826879605930354
298005,0.7117859381149649
312400,0.3523311416552165
325701,0.36622172839851963
139714,0.4372599214006967
285653,0.21263513886991606
254406,0.3123133672953899
154711,0.3447267263572505
178509,0.2718975214936846
180739,0.5377519134892055
106286,0.4112048359295025
119441,0.09400366616114791
116535,0.36094273718918474
353352,0.0595109360954138
446374,0.29788440282038986
455638,0.13821519194139936
270636,0.24280745049045127
128133,0.8270999514646243
444265,0.5031876843436942
166618,0.7808976960736274
311087,0.43134349649148207
118150,0.1165199846933611
433296,0.35949388869882054
117093,0.28077309257427396
109092,0.06630600668353914
427615,0.2523771091863373
118546,0.03113174874511219
112817,0.3157517949523535
274229,0.28719093286715813
120053,0.3440279089181992
348344,0.11645175174884358
211131,0.27085423202594827
429740,0.11485765016172007
321908,0.23540166360446094
112350,0.30815153883538615
350621,0.5160096913092077
239617,0.548077752130595
230379,0.504337252839408
358211,0.5615997954750348
454612,0.03267844467733485
285562,0.47742082403280645
132676,0.49187453659340996
196443,0.17967928233859737
133084,0.11041635058839654
159767,0.3226318824450375
157363,0.4819224729134921
406937,0.7868875415451673
115200,0.33955509920778554
367043,0.4533737780711217
180066,0.31908716734266807
342442,0.4236042550337387
322586,0.3550915655565596
194419,0.3395238874797624
184025,0.5050697111012078
237377,0.24613981035171095
317386,0.28782568887484056
386843,0.5163377099227958
213693,0.2540275737107175
151610,0.0395714602132815
379500,0.47916903664774946
162594,0.3460819107686116
122977,0.20564075309066915
372809,0.3581274133676479
263895,0.2888482662889414
161531,0.7544184137228184
317629,0.48848290099731434
325580,0.45476270049973777
142883,0.590010711762659
365282,0.033250250580617556
158234,0.37653460836687586
401069,0.16594115517121913
168575,0.1364067976769708
391276,0.4433374606466807
292641,0.13851072577143414
243302,0.5272889429242719
341841,0.171028617656014
439002,0.6433522656804173
293968,0.5448315450079505
452558,0.1181246829397052
249657,0.08296385635647338
323407,0.3978500952356849
367516,0.42234967457440964
143187,0.5876245355999443
453747,0.8517878050924749
266749,0.39197881136996554
437763,0.5929966321708121
378033,0.11955124822551177
262380,0.325217570612319
368561,0.16135718673514282
147366,0.5918447830807655
348081,0.06480362568278196
335222,0.3373571721133162
404192,0.35456002285953453
268338,0.06898907918004606
421431,0.792438625956415
171775,0.10335929490755617
228831,0.24311162641059636
291129,0.09318801064574012
346802,0.11998031941334489
404998,0.35207682621464886
263059,0.3157802876312251
221165,0.2607234160344343
172072,0.3911681782909997
266210,0.7491280254894579
329822,0.392394447631354
316903,0.059172116805855456
275351,0.26968754631899383
121948,0.7272430838484678
346188,0.09275220884755912
385693,0.5045638131473579
392106,0.4124074973679398
178832,0.7498556713458763
292633,0.6578093405010635
207440,0.28093593499110836
260902,0.7641605064747683
225224,0.425937020457437
268736,0.32929745074617073
423140,0.2802628068301031
353195,0.443165981425085
326364,0.39423015733108424
443669,0.08165045281015167
132344,0.28049982969578297
435222,0.3284490888812882
237998,0.6471298299171382
310638,0.1772050931118461
179201,0.44911392848058096
414597,0.22006938603102846
109042,0.7255554206509252
167841,0.5847356736395719
408256,0.6463256577157793
128071,0.495829606628585
378025,0.1269424510119438
403369,0.10292844102248133
454801,0.3593157733084737
164799,0.5910144473938068
110355,0.047997912846167876
338526,0.11563911820732571
202473,0.14732022657886598
432085,0.25320844294469275
430818,0.6198566544704301
118400,0.29622394417837183
228298,0.06712071015069702
216694,0.44419761041673367
313157,0.13501004093363186
178958,0.38555287331587357
181282,0.3405117018406576
425400,0.19693218770612173
393992,0.23798247883616025
235046,0.14985711852338354
305383,0.04087196246514916
219670,0.29547359273092205
187194,0.5114294808806328
384544,0.1469318282085118
398919,0.5763169307930568
374200,0.2937935637823079
174665,0.09345443072500069
314714,0.3125050607582128
170421,0.5063909992957528
181034,0.5974469255237015
166973,0.5363664012583554
433431,0.15963177751210264
196930,0.40694107087503084
137715,0.4927527919790803
348230,0.3280790443512159
161640,0.4114230151240157
173710,0.6368079435260063
320499,0.07412786091528474
115707,0.07562000787376726
131983,0.060228989285173326
217796,0.16057634362315293
164717,0.3258400240419075
206814,0.09425352535926791
283774,0.8286032575871256
360733,0.49207925425399335
379086,0.3900945445001581
284220,0.7134301942202219
113361,0.14532592447893583
103206,0.06598979441586984
408191,0.03997960597236877
172300,0.044058862880949234
104104,0.2599694893786851
273198,0.5971562834605769
286202,0.6942589894695456
257690,0.4204619800803038
177048,0.13331427609109836
301931,0.054704752810063664
109437,0.1326689033052644
236713,0.3307067434948893
215256,0.5733077714950366
250085,0.0732791961128816
410971,0.24618908461375494
183799,0.7783949215045098
146146,0.513735922113869
338351,0.06959766776276985
436369,0.1465223999616892
444291,0.5784493372400373
195048,0.32422056424899
123087,0.21720841018850157
237606,0.18741762192941105
131525,0.6207059814686104
337846,0.4605564618572644
288193,0.037225934310993795
188254,0.34088843479677094
309251,0.7562868652604074
186506,0.10431446828138446
298380,0.4442513921452981
216218,0.6781688326880384
119810,0.17036907965923562
344496,0.7486995076011846
161314,0.645280707684946
186249,0.11231788113632447
391310,0.16760832598003686
327215,0.1999143679708827
194073,0.23546086303865704
206447,0.10181087393164052
211869,0.182013808037595
401210,0.13573012586526867
429469,0.27569606008802494
335192,0.148008474844016
272228,0.3038987383901135
114688,0.6798074274538461
174429,0.7797259048710239
411349,0.07576023569381733
439818,0.11740963886388298
164924,0.46583625115250676
447106,0.19540712049025835
445656,0.5266494984952893
242979,0.4906421192329539
332225,0.2841764007693433
215855,0.1658903794054364
239309,0.5704191064916934
223586,0.1703618844653574
427126,0.23415455833465867
453509,0.10648708100569804
125090,0.4981166454910251
229336,0.6339274627995264
246711,0.5213866761495813
243770,0.2742644984316491
249345,0.15853778910542202
343233,0.49352233277673024
456169,0.48830632586282385
203564,0.6040902975294901
448490,0.040171159080406284
275199,0.6821383586158551
432616,0.12907261435365058
449409,0.16693088415146506
213024,0.3560644119976136
244216,0.20046380932610322
358163,0.24829026182627098
337168,0.40537158604163437
440923,0.31991415353362934
208963,0.10904996532570997
214088,0.5184037737771117
252940,0.2604857053997043
334817,0.757873459582251
179851,0.4801895808739751
213374,0.37004419724620974
353240,0.5134905474821524
209839,0.6065058256746935
393776,0.3425044589307402
334494,0.24277290232664156
164949,0.11126295003144526
365171,0.0750910033877261
407885,0.07847760174627974
113998,0.0545314557996347
391623,0.33070490251793416
292513,0.3577540375956269
245882,0.7036532995355843
279859,0.46760585714534486
266323,0.09173974194818399
140804,0.6055384160663362
243993,0.19404003275697534
164889,0.38259399490031465
206702,0.45789127127398854
160470,0.3101891245315069
409035,0.1133492802935407
451587,0.6410182630353214
110105,0.25412811332113433
103046,0.42860934652240157
438410,0.6724163876727389
173520,0.07981677320100698
328154,0.5523373319716213
423979,0.11238618330045985
194436,0.4964657668699931
340009,0.3349841708328654
152934,0.08970566672728705
360359,0.6049581516094814
349608,0.8353849666062679
413978,0.43230273113704243
275949,0.7912527189536096
407857,0.386306940226692
258875,0.1004382364437059
210350,0.7305114150361772
119238,0.3545357526416738
152986,0.4494266514632522
282453,0.0860250812890121
395131,0.42787083033731205
307912,0.08123984407467134
324681,0.34834402981429313
313841,0.4027046845299409
227386,0.5103152949815624
383207,0.046808698955992364
111180,0.16510511101002348
450004,0.17000337218261702
180545,0.08700147429892885
217297,0.5951660465918563
182816,0.5853317786585907
254930,0.18878973722598744
126822,0.052349744915038285
142795,0.7236435731890766
364206,0.18972835710389785
388237,0.7453618789527613
168503,0.11387322108472084
337848,0.7368514337247288
429501,0.1801569214555205
156594,0.3533176608587998
318993,0.05009254130275236
318286,0.3265540657078597
254806,0.43400049575269184
454639,0.5285401191678547
451230,0.47663864267253475
448876,0.10525936406541493
270795,0.8612731148410783
340420,0.11656456947121942
427635,0.23004649911433664
273121,0.70109277244403
432930,0.38463311174816134
411639,0.064969425959826
417422,0.7083751840016781
137300,0.6441822225773562
348911,0.45791833255474795
323252,0.33097957283188323
386806,0.4988443112215452
227783,0.32112632976659855
122768,0.11438702982639963
348145,0.06536013126137656
360141,0.06952110310231745
455164,0.7857692412257213
412199,0.34790623371685775
137435,0.37309941251334877
316595,0.565256236462473
344202,0.47404678480645224
106784,0.4566209112159845
438229,0.14234562478443424
307491,0.17348762212075322
178459,0.31961123357748533
299750,0.27724976738104506
146032,0.37514970702386274
269392,0.2671910908582843
275647,0.38169101380791054
396420,0.2551131121849739
141504,0.8141709574553707
384524,0.19489789588950782
349484,0.12434083440571643
176494,0.1429871849671937
155567,0.22398335086230778
240603,0.07333796437035056
274006,0.17416951346676096
432577,0.39194877142218704
438034,0.2748031021420497
291521,0.07782569979360872
296264,0.05667220110171711
337171,0.06178410985376713
191721,0.6862634091672994
269510,0.7190490748294516
176059,0.043115268035295265
121552,0.4790956416402737
107561,0.07814600400129586
243774,0.41792266490068325
301259,0.400519522920787
443266,0.4329923699303285
141481,0.08117514157120319
120981,0.436144665779555
173539,0.5787703636219533
424362,0.18219654948308475
361214,0.4196978620821749
119749,0.06393854501837579
155027,0.1687136081181537
339477,0.20594381356187527
309831,0.01872907883674525
106624,0.3039949933395785
170080,0.5829077614428838
112709,0.05110281483966599
400572,0.561341815040541
131476,0.0792216797972089
257372,0.22332542442897063
192703,0.16884677356801436
278704,0.2595078949159189
142142,0.09489798787871918
258763,0.5673078369367657
391682,0.17840175728405655
175986,0.5853773616681631
314143,0.2799948767317661
191494,0.6927284711343584
356220,0.13770067903312166
283555,0.3936001560239763
346117,0.7698077742750167
433350,0.17440898239456437
112769,0.5629758785195351
352501,0.7007461368078406
235107,0.09910417661468864
388260,0.5626409277992213
212775,0.22116968626688105
249460,0.3158608903899447
166834,0.6310886773156753
235768,0.5644207747492828
250098,0.7142994510350628
179051,0.5609922896361808
255925,0.6220150356917042
235054,0.13779232035990163
454192,0.060297371660823766
397900,0.18977832739997355
150887,0.03923705922742823
349314,0.24893345217990853
190886,0.4245156365853831
417241,0.22584175792070393
440003,0.11970210922472543
138946,0.4242788954135249
305182,0.4394354601912188
439472,0.20149491003111883
386837,0.5661714370307662
285694,0.5329270251706091
203567,0.4470134543249235
180042,0.8186291351976732
249426,0.13676454967675877
142825,0.28086095544890494
379336,0.6790469650897204
197916,0.22891459319156687
197509,0.5107337765516842
241520,0.1302212275355061
188696,0.07893290490422636
294504,0.5374145064697916
360324,0.5672803622871372
453003,0.6760131456641949
357306,0.16822585512237784
266338,0.289635175985512
447575,0.0763813195406029
250591,0.6084590812196093
342185,0.1510839711039459
355209,0.27063459372509197
320287,0.482656718001922
442149,0.6292794959228067
220325,0.33027890097455476
309502,0.480516185646075
152699,0.45692253251378284
125271,0.2241861624376005
267438,0.11126040154142924
335009,0.29677553711707416
168960,0.3607121055972099
206354,0.25428468336789606
130062,0.6334986559819685
150980,0.7050622221763515
317518,0.26234525565593636
308822,0.7181344092995785
243096,0.19976854094682528
292096,0.20277792580368073
330187,0.4381377138879595
100005,0.6499797331623933
273792,0.597818973787163
313818,0.8086190824646027
156041,0.43089108321399583
130138,0.43773710103385965
436964,0.22771275796314977
108412,0.20429284167202055
429093,0.06291406719369382
167846,0.15885647253020466
313348,0.769775083907585
139293,0.13977692532509575
356732,0.14654200890803895
444429,0.07966996057898976
421982,0.13063290555291157
407344,0.15200920299511844
279142,0.5949533323164746
405860,0.3745138726620183
128368,0.73636453112455
151883,0.24146708486138718
215230,0.3616375755412471
395831,0.6459958045775538
428166,0.028289676985019243
231480,0.051392048381853885
360942,0.19117407182038829
410418,0.1315133554287102
243965,0.3411248659012941
269523,0.3503907081368294
342788,0.11368080604304623
208172,0.6095045629573165
455228,0.38014762536887453
151965,0.018652058300703996
309882,0.6351241203129391
412345,0.27512703340286304
128945,0.07082388161591574
444231,0.12113467375552812
192274,0.2599327458664829
152646,0.29970214141451607
394695,0.22685597020028694
106438,0.08908250154053104
302705,0.09934530479793377
224586,0.2685955164341846
318801,0.12576326842787897
107532,0.1914385012898998
408911,0.09343413408332599
295850,0.5035672184126515
419178,0.5408241553919878
209387,0.42717336264235767
216231,0.09523210214258526
262140,0.8288195392154822
444932,0.34283937097537937
282746,0.740578805188805
405692,0.3015122070982309
422059,0.25311882333275365
438891,0.6874986994238295
366606,0.22830159049280008
174513,0.27900583662029915
100740,0.7679085313296827
330473,0.7348708495782761
259880,0.26091010782260776
200971,0.0484169910596692
188507,0.2025718701250345
356517,0.5907481564591925
103475,0.7661748569923119
303752,0.06529901326177795
325840,0.3075766874436265
285006,0.39852190223735035
203905,0.7261890133471143
243891,0.27013130567554455
186508,0.061113749005708304
264226,0.05443358324731664
311108,0.07496679306682669
137444,0.25067510250148045
357547,0.5278472619713525
440156,0.7197944177760163
154858,0.20768015758235925
361402,0.4732138639288253
246200,0.5604739471898433
167475,0.04339664489006764
280625,0.2940305545352371
244456,0.647263160785519
147657,0.5743512355929775
369659,0.12358030455694641
421562,0.10145319966523034
426154,0.3044724420120948
314734,0.46377486582090793
395732,0.32447610151226314
221679,0.25114319754203723
133302,0.4851299980840938
313048,0.6212054226058004
327766,0.07633422908003505
315993,0.5494646364814947
238470,0.1109135301063745
142180,0.7368754647456981
445840,0.08697784652311706
359741,0.5736419824656619
342220,0.38371457842974105
144966,0.25148388156646867
150731,0.2147033344193379
433485,0.3015169073299876
312597,0.10650866512019179
402274,0.26702184936268136
312417,0.3558200153286827
153842,0.36776871316736137
421356,0.3292592946362157
110376,0.4556748831944852
137936,0.674454504573909
358449,0.14785920779538772
266812,0.07761535374706197
300904,0.34199412507739074
365894,0.7355067270911325
444978,0.09436262823978485
301103,0.531843763027198
112748,0.01946300641105329
315092,0.40901774371441457
257514,0.055279233541040515
121162,0.611631160814594
180369,0.42200052207714117
305233,0.1368449002289732
367868,0.14194369260490808
238850,0.07667464163438187
251029,0.1048868815629012
329143,0.22997437851329156
241536,0.3047804246427053
376349,0.7322586413776698
149283,0.6600674075246403
227823,0.08088330164393802
419810,0.575946226094464
442361,0.19447564058587954
118509,0.27017287839859006
424216,0.0978639181678038
101301,0.21017326998687777
364312,0.7999712072155127
159449,0.21421494108125072
115290,0.45534229684882266
146214,0.24557912842330287
182571,0.17381557342708123
195648,0.17863807722703945
362907,0.15760096939948706
451680,0.23964581968653118
309814,0.4356924980186011
408042,0.13314959163295037
425237,0.035621670430117144
278932,0.26883473138969494
332861,0.27631879961031347
135650,0.1530994282341172
101903,0.6889272282999367
234228,0.13216221298419623
238646,0.3504890947598655
413769,0.4588284083925297
384798,0.10868826635556945
167438,0.1829490098017443
362781,0.3076351587992611
269966,0.45428040921639545
126488,0.2223662133578664
448350,0.35164188778728317
366144,0.5911588949859465
312968,0.4628661669909183
123046,0.0441524192306397
352901,0.04328974825924296
191324,0.5716410721524832
156644,0.17527984045538997
347846,0.8235561975634011
167597,0.29647415200181354
378346,0.06447455960044612
223098,0.8407937150754295
146239,0.461796324527336
222381,0.5281955159356698
119947,0.13111573472008714
441547,0.2537867160068759
309125,0.4423325289736256
125270,0.11094628002295345
453686,0.42348882048628406
394231,0.46740671079705015
192509,0.6730709187721645
271065,0.11994606552873699
408797,0.27132578383144595
104714,0.16997803388485902
222310,0.15347925077968264
130217,0.1715912959268523
143421,0.05160705574868345
225910,0.418010536702823
431497,0.05763324713974424
170601,0.3461759995233021
136201,0.09011677068247265
120539,0.6728405085790613
283635,0.1927764656887602
403455,0.4854160826136742
216129,0.19774581063642968
157507,0.05596905636568338
134742,0.2059795524533253
332014,0.11724285447214014
250189,0.2610339969754498
159802,0.35803844735901286
449815,0.383902346286731
433800,0.2150420294582846
267324,0.12451267328329681
245272,0.2572394885570216
258989,0.27332811200891166
172738,0.1327798068683496
415126,0.6202525719374835
432446,0.8406913775577762
411021,0.13706139660984354
108667,0.4641542341527785
156878,0.7665320532404396
100823,0.3143346677758853
389552,0.40987920178100445
217441,0.35551628653591677
175128,0.387002646401577
392234,0.694228501858532
418001,0.3525577522648798
124906,0.48024910743414434
121851,0.2884249373434743
248210,0.4138714066309266
292072,0.7029998799723156
406492,0.3945919021647425
452592,0.7258702355119117
203431,0.6441523667332841
339694,0.130107026868012
170534,0.4147714609168065
416277,0.5698749674899452
392861,0.420231261988296
315231,0.5339144266312464
187499,0.17475031964608842
109877,0.40115079279522964
239996,0.17682780067516998
235189,0.2816227473997142
286411,0.407672866215427
226954,0.30738118203827985
199432,0.286932580315625
122065,0.47885213888768435
386551,0.5096786318460634
332628,0.0923610732422992
262772,0.6465898376598964
252426,0.46107369131888537
153676,0.5810765917616046
273899,0.12121211459163476
256663,0.08330832287089747
130623,0.28732545190942005
371335,0.04737551799469853
148955,0.4570246180077377
201635,0.023326845384452028
361819,0.5478966722391396
206465,0.7537914859437402
208775,0.4253084711464597
452398,0.5082725782940157
444758,0.1967776273901607
298134,0.412331679329525
237080,0.6884269986254598
395993,0.1225909983678306
310274,0.2363805868374091
160734,0.033449524404444285
338210,0.2790321960204169
342701,0.7248818749861556
297917,0.7931896782357123
116348,0.11439877720009756
356865,0.3716837084936311
193396,0.24352821087989263
216035,0.0963797241535285
444065,0.24735089831543255
379009,0.2505079141595061
244526,0.516664681955417
200064,0.47340424053267144
149570,0.43341408565944106
162033,0.531432579673713
417455,0.5553857975891485
248476,0.23874704360612306
252784,0.11037832119858118
408490,0.20145761724020286
234531,0.10075164921280057
305447,0.38117894426830046
194955,0.5653253789306983
402782,0.6070295715124259
386310,0.46026760442107256
242134,0.8187808208827841
296922,0.26016280198135755
307702,0.09916025218057026
132521,0.5253752732794633
262429,0.5531151831824677
453114,0.10324154005348274
400741,0.46225898515614616
209869,0.36902791753491043
310634,0.34932978051554847
370666,0.8338594381828155
415506,0.4134137122201022
331678,0.028449155819834433
316930,0.3349808111147509
330332,0.36745418306304595
199298,0.15373611353326178
190452,0.099598463936285
454137,0.5554894048408845
292355,0.15545674261696907
350048,0.8391256337621599
233981,0.40552265385174663
182752,0.2666611980715882
109306,0.1440009456156461
216122,0.8353800563155905
202168,0.20698751336351362
198184,0.3405530099159183
198429,0.2586962595567478
308169,0.6919105141658702
192876,0.21477106084104514
104273,0.41823556326003974
411030,0.6269728128790059
327909,0.041359105673361034
399568,0.7443604445580702
251488,0.25067477896787793
243958,0.7818442668047401
184832,0.17191399905157279
366876,0.558583272234903
393573,0.6141726894478531
211987,0.12073581845130803
102605,0.16106524000775346
299818,0.645729552920171
274539,0.2733067276175964
361289,0.5293238942999549
184294,0.11523148467663479
186840,0.447695045339928
231496,0.05839908568831514
403687,0.14430751196120364
103334,0.7434743123472334
362365,0.20944262797372118
305914,0.5396531522476717
269481,0.19604701226953575
110465,0.1499801350731433
213140,0.49832569079004935
149388,0.39988620994548996
335490,0.6673614766664377
170305,0.647909755915601
429109,0.3955030539701207
426235,0.24131481530508692
194281,0.37346821528310686
159565,0.6297635300273465
155652,0.23001435431020809
378427,0.3293331913014509
328678,0.21862127080998162
123182,0.16752232687453014
146404,0.12773110525313153
344283,0.07400287828980656
192535,0.16722031610848012
106349,0.3574104987568115
447014,0.3702271576650594
125423,0.248014924796707
203470,0.11020588879939082
127567,0.13811563398416837
150473,0.04276864537500303
151374,0.07057477698428911
284338,0.7298898512591948
131118,0.06566967414429595
439990,0.09438781927513337
209006,0.3837501302654704
400339,0.10614796221973112
162397,0.2883403874872148
143976,0.2916474791036785
190513,0.12923008376486114
419820,0.19899592784749406
385130,0.09637193452967548
174967,0.5987959601006176
209055,0.7124937161987169
310362,0.8559295577839451
118359,0.5254452983627338
255503,0.17306095760963744
433725,0.17044680394545098
336686,0.33092493364609327
221884,0.6017299271445263
427164,0.19353252361030077
249595,0.09316482998107592
294221,0.08396499011508275
280517,0.20889448482363715
332243,0.38207464121962004
240900,0.19816256024560489
222825,0.6489558886297584
195372,0.19301879004651248
240339,0.4201416640212989
226416,0.1563697576191655
411749,0.056736637321029265
366583,0.46301978065683297
142378,0.8147950996732581
440181,0.034546811451520894
409636,0.33725677753902944
191675,0.02213069409544882
158547,0.06031919648014952
172053,0.3291501287171059
116579,0.12549471436061357
239951,0.3483551939232054
389929,0.08273644988778937
109886,0.063924767587468
279341,0.4645059169361868
450937,0.16975054151216568
407386,0.14339179247231545
425432,0.08361304194329157
216903,0.20804492159471744
362332,0.3470450939625475
437305,0.6510489265565175
415514,0.30027763674148455
208925,0.3585259829463289
298323,0.1469095900924884
293900,0.505832176048926
381766,0.12463344655742283
299633,0.46255533573968216
103287,0.8202667706644057
414068,0.3578515264915727
390047,0.45777041399775587
165915,0.39618236971332416
223609,0.7525263314685064
184576,0.1276716171634153
301782,0.3318466490834183
362091,0.5798950559372276
283177,0.5570959877659202
158454,0.7809387753377423
381145,0.02639850168827708
272723,0.03647446880649078
404307,0.13798490847703734
299898,0.5566522856086685
288728,0.19121827035684677
191873,0.09830694489140596
194717,0.19252277853163605
182340,0.04293804258865245
232559,0.07682845046409403
125814,0.11706112718063087
338539,0.06659678359532993
392175,0.7847659116038445
294547,0.7247267753925296
162165,0.5420422393068343
168443,0.1894865468892764
122826,0.6157656379448047
165065,0.0559783339965241
273508,0.47045023010488624
279402,0.3931231860570939
452906,0.4374755581283432
170072,0.8458337851868323
331691,0.2118429491488059
300667,0.1438555701059775
206429,0.307169634999352
224094,0.6644294253505741
429299,0.21365353523078376
167090,0.2724273834025235
368740,0.17471340412293943
254383,0.632268948159031
263780,0.08710616969860216
169491,0.1304942862165374
108089,0.45629650768969177
222505,0.39677742282574296
437357,0.13571781790621437
299127,0.6375578927366061
370675,0.2637663589625005
193160,0.7763075809818789
372460,0.6440040898038841
214887,0.1033864992170697
390929,0.32679814970904947
254580,0.7997064331776305
311727,0.5745588568147663
310360,0.331504636786548
106916,0.4629686148957116
335852,0.14739905760698677
365064,0.47716055199312113
200890,0.31205652635358044
204965,0.8267147030046473
159734,0.47713327658651983
298450,0.16115671808140775
337905,0.3952334500361887
269776,0.22953076683089563
273482,0.35814396119259195
425923,0.2445309710284729
327550,0.6883582711471586
181285,0.48382498129005114
188151,0.07499323680515343
399011,0.39872350238505766
415540,0.17687499295524087
336534,0.7740437154943186
286509,0.14022252337464491
335887,0.8074728624094004
169995,0.10882182387287334
290492,0.06748407192203075
130572,0.35625991813384733
274911,0.2282153280860919
403697,0.6441060179712311
366952,0.14668036348449343
336137,0.11654033619632283
111544,0.6113780829369843
351669,0.54385081001341
411402,0.5139604480427692
159659,0.43598285891960925
304778,0.06060017956949545
416272,0.12724313021313582
155737,0.7009765860084965
418014,0.7437354228372186
316723,0.499903670795592
207873,0.5758158000169803
428237,0.5055053403149533
349552,0.24289261989867886
120182,0.14409953047924068
300356,0.06646329357956168
243996,0.29152505719417715
413941,0.1453095469890788
390524,0.12524779848053602
451437,0.16146235161600708
144722,0.6377055614458272
280388,0.1326302622818924
135541,0.8441687092762296
284560,0.11528774167934677
241816,0.5976959373711712
217868,0.8159824800148296
254513,0.10453382336134638
421828,0.5040954937353009
183533,0.07258325003870665
329418,0.7719067716599919
126349,0.08930677889551861
436399,0.7638032197912612
367573,0.1344854537144814
231742,0.08889670739808443
286287,0.3758350325252409
357863,0.40896985335489233
440191,0.21046892290761393
267374,0.19727515925081507
402929,0.4901474502777233
115928,0.29650090429087933
331938,0.3297662880960754
377760,0.08995231768642852
198229,0.716980006743324
167239,0.2592301256047249
264557,0.7252976245566606
398520,0.6210422730031813
413384,0.463779380962579
248505,0.13345774953003078
117172,0.2418815458495489
303939,0.1499932846884617
255772,0.0682975261817599
404158,0.24566448802916407
382856,0.2554170165991611
364810,0.24666372197394162
302621,0.2206798947450631
353262,0.6700534193379799
193970,0.45541757526550536
412152,0.46259569874949735
136558,0.13927891470588183
447312,0.12510909128732922
372506,0.7529918104012657
402928,0.20772926529555213
423671,0.3558294544645402
264401,0.6617575909473427
295986,0.2742124485352013
131504,0.2045493006956474
370033,0.5572599677327214
435490,0.23801637433871742
444213,0.2236204848542789
256752,0.08099400348163456
163349,0.5830497241060698
429597,0.41657611478305206
387730,0.1534130372962221
429398,0.21815151001182378
127299,0.48064791880181895
251754,0.7558793009571301
451958,0.2735203208061344
396916,0.09767442758165959
312396,0.547980672694867
376360,0.2526859543143713
437610,0.09444878485507878
352049,0.08927310824439531
450885,0.2295999102628063
320356,0.030712255333584765
109012,0.8364518364453984
201665,0.10319340194543691
439248,0.4687151915463013
436196,0.4080007020026659
364141,0.15161341908072642
400967,0.08894744121000187
107023,0.2971660241729713
429243,0.23624935017437676
200277,0.35540737716809967
454097,0.48776121936067734
442308,0.1694770765889081
153139,0.12679235431355007
278913,0.7985348833414085
326516,0.197914306418905
290058,0.13308367448880767
355218,0.12758025145835308
404470,0.23386229790943774
376546,0.3552995132513557
401791,0.060534023025265005
318357,0.8644738120993367
180141,0.048974214741298844
416291,0.19347232172518977
271616,0.678590756788351
219914,0.18202493756086124
129676,0.07496141258215813
242952,0.2852897337566193
390321,0.32175415702691496
247559,0.19071337581808384
394125,0.18967577842617261
300210,0.49314794190793954
353194,0.5652492579801376
118386,0.1743039397435129
280724,0.239224120113219
166641,0.613189705916997
348306,0.3035422438186427
187035,0.044470586026418936
129831,0.046217138744309806
451155,0.11088167688455879
447571,0.23712385106899184
314127,0.21575231618434942
103840,0.10917837019643777
405320,0.3570477060039325
222665,0.05785474123364694
325021,0.8496046910637173
373145,0.08898459517544084
407546,0.8359920075919381
269317,0.5734282867757767
397383,0.3473145911260692
211510,0.4766677561134845
135746,0.7143251301334193
201089,0.2396131298509882
123257,0.10487312304767096
423894,0.042293838583380705
423631,0.3330204988960583
259526,0.31140803188622157
222876,0.29997980619944353
258663,0.1543784638704471
376332,0.14531107620793063
332570,0.18886129979306265
226116,0.674424559207831
145780,0.22174470574527233
414008,0.29726605818740715
124876,0.051268486071280484
227597,0.6272984689565433
345251,0.23665384780773016
203113,0.36406707543194683
418595,0.051036907963339616
453233,0.7255893488257977
288993,0.20234748013378134
335608,0.287354664720234
371657,0.29319892435866746
420864,0.3112864385381609
399781,0.6654557411230716
398337,0.4867653669248589
447736,0.2921876505071554
274902,0.1858367533428393
126473,0.2291085541527865
146502,0.37708282633687545
147840,0.24687083222426418
167637,0.7249389714352547
364274,0.17629432940588466
312996,0.5678539519890703
226790,0.7368995661160095
116097,0.4325695968480265
389604,0.30728111479012066
445073,0.2950149955743551
421342,0.06036141049698755
124698,0.11379874613835836
371202,0.24299246645394884
269503,0.027696438886467712
390256,0.12488117153875666
239825,0.3144906840959609
409001,0.4202624919301351
211076,0.14899858818329245
333178,0.08813214415250276
433892,0.38761290659389686
281055,0.6520717367463796
415085,0.5568794956622207
374155,0.0669021986818745
123074,0.19318635158216896
163265,0.311240176961565
255526,0.2432436423094784
314535,0.07913570440236482
368207,0.3960597422899305
129658,0.11857295902779419
108718,0.7958835310424771
317611,0.37912400242023564
101816,0.4849846903326346
324130,0.7654451673997246
173941,0.32092616703927634
312361,0.10823322289393635
328303,0.07626042033040631
159333,0.164100566555414
357469,0.6809139936865579
272201,0.069477525394754
405637,0.6712923174547162
347163,0.11360058472426675
155740,0.2906632515655808
199815,0.3119090322903805
297011,0.5411955457468406
148035,0.5588917690685342
323569,0.12311925523476365
350288,0.2910116770146039
434122,0.18722141821476035
255143,0.22327215025168476
174721,0.30639534976723143
340594,0.3986376318635022
429359,0.4919812023802083
451247,0.27723915587656284
410442,0.2027256441894191
326953,0.5821842560541967
442128,0.3176225710561665
220887,0.15041717043823394
415109,0.7235555758336153
349375,0.46187726296846254
227756,0.7936253012796586
251716,0.27789486687786774
266406,0.10633266395284677
168472,0.33074082914885805
276011,0.29369896614832214
448335,0.16375273488514458
331761,0.4603172336943933
260877,0.5848814454536562
183336,0.479521155607794
430820,0.08837800689962724
334070,0.2729272023849186
169537,0.20899542701154525
151821,0.48506289447226275
252191,0.5385206819346258
172400,0.21729211158737402
347583,0.2882973209234593
415070,0.311451907447781
176785,0.23206599486004373
202659,0.6132713672807346
128727,0.595279086682819
206077,0.4380821278927164
285016,0.09716501863744163
232012,0.03493692621167829
376492,0.24543656602105782
417915,0.671363582035142
393696,0.12659384608362265
401668,0.4613635784872477
445345,0.2345692199145086
376284,0.18703198936662302
312437,0.753876131114288
433205,0.4680244502387525
297534,0.3009754748761199
262243,0.07692356561452933
400138,0.6802741563800714
234215,0.45156521264219407
429042,0.0566549451695184
386549,0.1701047452894462
200593,0.5873170172552363
172039,0.2824428484024337
433564,0.8561739468661708
218353,0.17816463859106205
335598,0.14416940136922257
358969,0.1809885834225011
115122,0.4152158669198124
424256,0.6856381217939513
337608,0.21916787636980906
430886,0.04451643785638503
361935,0.6526088008379006
343775,0.4738696794452669
116647,0.4287353444957753
236038,0.6550162384846161
291365,0.06503292163424682
242445,0.6553515435293351
114767,0.10792163538393379
344818,0.11010187582112299
348380,0.27554989300756483
316110,0.13322130458120082
379046,0.4040555939262477
134338,0.590827159703337
110005,0.23053387602132502
432419,0.41377301118920246
298837,0.46167726395175634
331322,0.2350575723882783
277170,0.21740847279373515
422063,0.5597269395494369
101497,0.4938496551408664
325464,0.2505825395191373
358929,0.3504320736150615
430253,0.2278802007389148
137287,0.4073065317442473
225362,0.3253870801355854
418343,0.6578778933694748
253509,0.17298047499320562
273863,0.24053397359548334
163071,0.19044521689438434
120725,0.3410614654629785
108353,0.30984318666286353
158005,0.36513827146668376
173312,0.4804958891740069
246102,0.1752101016971412
211564,0.44151861705889434
120284,0.12803227695195524
220828,0.2173283303038845
255847,0.22683823233497222
329571,0.40176909163366037
253895,0.9079890432874373
300194,0.29245999541069756
345097,0.24985740384896515
175664,0.1820433797790187
403315,0.48058445697565005
336586,0.0977749891288246
179425,0.22587680017221312
245598,0.09008804409066946
366998,0.5470003619086452
399994,0.703101384085463
325525,0.11817084658854567
227005,0.15083336196904268
324553,0.3899807667579916
273774,0.3765751129834941
195819,0.8510007669937565
148075,0.74504441298542
434327,0.09227900273251562
336950,0.7984529954704047
367411,0.16347375034092312
112054,0.0862059791798836
196663,0.7935159111441897
409229,0.33566822545609337
140534,0.23207002386174388
316195,0.5577683825540708
156104,0.6840706895148871
385522,0.6758822040987034
176301,0.44552414363633003
252518,0.4208418358511556
382141,0.3269889665664258
402254,0.5134280687056381
350203,0.0520615244262051
340407,0.33153363614668657
306775,0.1746331465151667
184389,0.5858430877967925
428424,0.43423305780722044
296912,0.0760757942021016
241813,0.09632465828241037
285521,0.08481804137840446
367224,0.15653876782158957
144237,0.1810202144405074
268781,0.1329031838012814
110695,0.3047111990732445
175706,0.14115137404956316
366166,0.06590505265580458
341294,0.15086944013176884
367545,0.5861797926175439
361989,0.18121121909301202
200031,0.44470109719269035
123051,0.20758545881956664
309462,0.5370561677261972
338896,0.5538888986842632
275870,0.6642840251009116
223488,0.5593291375228633
244475,0.6361696096619842
320362,0.3843596883879808
294641,0.3121998336676082
380833,0.16230072688332411
105197,0.10174330660186708
281914,0.6640382811312189
193787,0.7961844946783905
425957,0.5984113020520824
443776,0.13159056656970602
174390,0.2956266786088117
102146,0.17247705198336138
251013,0.2771813114492727
284194,0.20896294031921867
332714,0.09250405604175334
133490,0.7333051449039248
281227,0.2072126837552715
337188,0.35233664674188436
255320,0.5720039001739663
112049,0.05098517857381424
154265,0.6405386287633696
235827,0.6606602470750682
150431,0.14155731507586924
440163,0.5887640935362933
326988,0.13515149092294362
136660,0.1541722870201517
290884,0.16419713215990697
398771,0.45931623706736313
155650,0.3043478813142754
376083,0.7874962009933165
419955,0.05989291820851401
325157,0.19254733224666096
320954,0.0763113938622106
400314,0.3037475042333961
443686,0.026471799062868017
417555,0.5255819419911416
293276,0.504149448767499
391766,0.14380642195355592
160820,0.46779741622056653
329364,0.26270594418030396
117392,0.24673648998375347
336832,0.15371754805720247
403834,0.27802820995183664
381436,0.3191491457341531
132917,0.21582825100117267
440682,0.11291111749626047
197808,0.6285929170977109
257071,0.46203132552290566
178391,0.8345605207619898
142177,0.3033688435607752
342971,0.5356387779099173
320248,0.7438860540336817
383450,0.278453273193016
293560,0.6076094449349692
123490,0.2503248747136097
192721,0.4824667043209639
366742,0.07994702843888914
203253,0.8075931463117405
453366,0.27484336545168125
103062,0.277857808233883
271807,0.5582007828346789
149491,0.1459302383693851
199999,0.19480317676236172
266573,0.2778370812602378
141597,0.22861748926866615
403815,0.17351806171262585
284866,0.2916599692356819
108437,0.6637492161612529
336120,0.6908855449441662
358405,0.6961765497054938
360475,0.265441742148776
392232,0.5316134693777606
330396,0.12337735820170384
243518,0.7028529589743281
212132,0.12038797832998342
148850,0.29163553894741556
434336,0.2791565178206221
304237,0.040951861035792465
449011,0.6951393245450209
248667,0.6884168187357159
340459,0.42352300605431303
158504,0.08060111512177681
169749,0.5301164159757107
383204,0.4927527430801811
263594,0.5707612539005527
105345,0.6806769624347939
366650,0.5633922765659442
123766,0.38249264148462125
401486,0.6389019221111082
272516,0.15646104397272548
450287,0.10862215085211026
373616,0.27156616391020116
393118,0.21873073653647693
391555,0.2561309967954841
328372,0.08073584279652954
340123,0.7419365890909834
176346,0.3986099627749841
375322,0.27772960979818684
428714,0.22606509577387304
339237,0.11309399274707611
300241,0.13039798522164736
414172,0.24098733739626677
142529,0.585415860805986
351461,0.18161431266743233
291840,0.851974835431661
278461,0.6872964645688274
429831,0.2955241477619379
259397,0.10066971158688602
314198,0.25831477740815467
312460,0.31637096927680447
145602,0.3671298567956378
281314,0.16568541166112988
228322,0.5684335149098237
110138,0.5461440467617277
159424,0.4742252431022826
397560,0.26804582360388424
119295,0.174321271582431
254956,0.11321632014623581
209352,0.7183709269651553
247766,0.193171345425059
290746,0.38591233377407025
439736,0.122546717034877
434050,0.03406551331468552
368253,0.3525458007002101
112469,0.5882439352054265
228053,0.18563514023728
372337,0.09648509134066982
111763,0.3979814683882085
160101,0.14566896907502747
116047,0.09054290784044691
267405,0.4663628837591126
174063,0.4014704225395274
277654,0.5390481907383131
361605,0.38190003558136226
156837,0.25178812819932894
132642,0.16814427967215356
252088,0.08537222879482825
257575,0.5925342259173085
427036,0.06934784420117754
106206,0.5602008807870992
194177,0.26465696564801133
399851,0.7868025049771761
120580,0.5540061053987312
217776,0.43317064618678097
209340,0.5203510035567941
148149,0.6130384896773173
372136,0.3917875376445016
208358,0.1811996106440884
383410,0.08073875657511924
372091,0.7488889166757658
382396,0.5842244719551926
421987,0.3096595338909041
146820,0.6935111229534824
198287,0.5175426386646149
401440,0.225033100358355
413694,0.7650421630930115
403839,0.3502603457892041
403417,0.5147660401268854
267869,0.6064785078926056
349592,0.3920294787682388
344964,0.5041810469382904
441763,0.08727165524006186
340844,0.3626065371023516
177511,0.4982530820157179
356760,0.156714295468019
284035,0.6840428521998803
133578,0.35019442186098804
142242,0.1525308309004339
362075,0.17609851311479538
287861,0.18913678896736386
330200,0.2510859953573302
328381,0.35169757567818466
101287,0.3206616685374834
205281,0.06055539960363207
275153,0.41714374300461743
347689,0.23544724376668508
172820,0.31950447097612406
431543,0.8250436843583792
159318,0.10404507095264398
194058,0.09214113897798082
392042,0.14687235977221175
326041,0.10954744871416518
252345,0.22095219248950407
253788,0.3042997122572294
100092,0.49707981507123133
130339,0.2618798223297949
162125,0.10296330688855362
126125,0.11831622786320194
163682,0.23136654030286188
189282,0.05621424754429531
422064,0.07139162569792212
156214,0.33208994223766236
303498,0.34847371771000957
224934,0.20840853713101032
228891,0.11664336869117639
226836,0.4023838357869757
289565,0.18881557638655372
187158,0.5927094450165279
222755,0.10029159611414656
132164,0.026884074826619732
449408,0.2996597844402021
139861,0.6665997644136846
177688,0.7873226930782264
306951,0.10320473969321177
267488,0.1749854038514369
189262,0.20591956535227324
387291,0.039829279914199794
205429,0.3714362845696402
201499,0.689717482638218
266132,0.20482923099964043
238453,0.6431432580498982
173127,0.0881746587517096
231298,0.415508787644053
209748,0.6299703446522279
312022,0.4098505610613532
265955,0.30163210866470896
413751,0.7708695723525644
344366,0.2600614232970744
108562,0.17414432531311652
321385,0.6718054540206411
318203,0.3697410112883548
331451,0.2559190684460804
286549,0.42031739643280475
327080,0.1290367309480913
178442,0.19211488901839954
202422,0.4430461078575374
209943,0.5801443541089264
196204,0.15712995349314143
318769,0.4998326560236186
306625,0.6986713783762739
310316,0.12381334289921857
207234,0.5277226373519145
283891,0.37106063456849975
198941,0.5194298990366811
328313,0.1683699474262373
314298,0.2804195436625573
368577,0.34010158107884203
436207,0.5557399807368503
260222,0.47919684521558154
399706,0.7456537974358732
413458,0.46122355939971865
220639,0.07301430278352786
261416,0.696965242987412
195607,0.054198914637437465
419169,0.12021000291552073
347858,0.4986952876561475
409340,0.21202166886200122
311851,0.6710521341961154
236974,0.1849313210659239
377786,0.258455835467768
269673,0.35664306063129503
343423,0.17428978098968198
306091,0.6033323566403236
324414,0.127323751195237
151329,0.08434445515905543
387952,0.7637983767452778
124263,0.20095462615557366
104402,0.05477400298871687
309735,0.12728056579218597
455378,0.03314549689426775
366321,0.10978904480073468
211000,0.7336065378662447
104175,0.09863263224217919
377755,0.5255407181050614
441085,0.4798840376906328
169458,0.06853255463667982
279925,0.13960147217070984
180406,0.4539707397702647
198595,0.056885042622378715
158298,0.1498644437162042
432745,0.6381401741123134
436880,0.6700106155307315
319582,0.11455594801597173
238293,0.7415254526770345
221707,0.1911569025069199
356539,0.2940801955181213
256801,0.7890902044052192
130148,0.2615470947790574
446286,0.2446633467919417
217101,0.7173222126304722
432495,0.14450580424282905
282318,0.1347413681299119
334435,0.8029685097967015
374853,0.428401691845998
168720,0.5101636144714414
165302,0.4582940215170424
298929,0.3052407049300197
353373,0.17478774983537762
386805,0.5733016408293842
314337,0.564830975199329
285297,0.5256401048849567
106258,0.2714696142781097
219405,0.16729501076288772
424365,0.14810805910646815
199442,0.7279122032435875
287270,0.39510759781835797
165445,0.39174917737278725
355071,0.684877694027743
197587,0.2697773275149874
232288,0.06268094828858518
123263,0.3852570541644925
262278,0.5763983073298624
101169,0.6406301885954688
410473,0.6079266280748034
130954,0.06601157562936856
228166,0.38612690493296387
292557,0.56906439246707
136829,0.47570493094132366
104149,0.3522949829281823
388253,0.5072073540599649
161050,0.3374454495403605
226734,0.21977189432986521
386940,0.27482841889161436
139661,0.3368960056893646
248596,0.03747834223587766
242444,0.2660001983352521
323481,0.057054971416621844
234147,0.08967555426145535
285497,0.0813244015993625
110582,0.3032588211658903
290672,0.6264943029900605
253744,0.34550253967166433
173403,0.07854234460825478
190526,0.590602506322636
156478,0.0793537170909356
376042,0.479613737517563
102123,0.19578940655278992
315414,0.658217494004538
103290,0.16502060280141667
399017,0.23741074145550958
226318,0.060900162753537636
393115,0.25467735492001103
382846,0.1883856550421877
317196,0.31769126327028147
269045,0.44601210252981777
167295,0.17820908849527015
407469,0.48439958392048676
403698,0.06728778915983866
262043,0.2759631454836983
313930,0.19095569324630376
136863,0.3415641885484548
293679,0.3159371033454894
360539,0.5031780881000587
448224,0.7409335938862227
169549,0.03985164983141338
170376,0.552420802581984
329826,0.18108015695183835
180583,0.32339322801508524
398093,0.3093756889352932
108938,0.15838569830830612
445755,0.07123451117264569
224593,0.3718555070277076
265126,0.8207794756166642
432547,0.2644840200612171
318254,0.17332331363272774
171193,0.46791456421221117
279558,0.4862465041820067
282618,0.19124310370579578
109414,0.8144939053604614
391966,0.495235718087657
265300,0.20529887381912562
393128,0.6830817822009204
398956,0.32278121392012027
197335,0.14558008708755288
329775,0.28451597250997657
163030,0.13199493167588314
262613,0.503024893844849
296714,0.18497033814618216
387337,0.6995211451380576
139416,0.45997838306592337
207922,0.10186769753911265
100753,0.5906861626997106
428821,0.5777178317864883
370672,0.10796397234974171
445713,0.3064130810356624
135521,0.6215726661737918
266556,0.19634280126084133
328281,0.33880074029608725
193368,0.4022154603411429
401533,0.8224001359736656
389551,0.18508678075515117
359588,0.35191665322632115
112556,0.569436868606996
345953,0.20705361675222778
224353,0.561950097988232
437977,0.35144606580041227
341390,0.3900625031354756
295168,0.6247629190463425
123489,0.5386518829446146
353483,0.2745114276153251
247269,0.8394178108615575
277593,0.13706884730395097
240113,0.059767378883789975
248738,0.6990847006473381
446617,0.3189810810117519
387932,0.30857377539194886
286433,0.2949833745232959
180099,0.1621605323414445
110652,0.1344834893576394
215358,0.5402287907063781
121862,0.21875307428800272
362531,0.4718890865042209
275605,0.8174375403599802
281177,0.3265204670231112
241402,0.8293152464660563
350757,0.12095374245792047
263458,0.12900974986395009
185230,0.5930828611681552
212795,0.08996588740048977
406113,0.29807525728500023
201996,0.18893832459797708
416658,0.30102469547486027
223507,0.5121718568301618
351984,0.2789272667802192
323242,0.13452921515337588
127308,0.7772009318373727
304481,0.0521036480861446
420623,0.537920215864167
101962,0.14402823794979605
413767,0.5774724689091736
412777,0.11888084671431898
214944,0.561695947314801
411031,0.40991448994881274
214976,0.3746944640844302
103144,0.4050057754102658
130687,0.14963853996084203
223008,0.7177269664704082
296632,0.07004741059974692
399786,0.6324355518692315
294864,0.08003358241649859
160441,0.3022980050671729
446676,0.4329602468749808
286473,0.2925046493684694
205646,0.5103727870184634
442372,0.5229350338371193
299912,0.24672236739904185
438192,0.6924851964057706
223471,0.2686635128501217
259708,0.39981360173851616
436902,0.5436413574666835
327633,0.18757220366113717
339699,0.6764536536735297
134131,0.10906775008687652
432991,0.2490702927627115
185285,0.6566184536235277
151519,0.3504298022611273
399811,0.1214952561701622
101366,0.5338178367154557
424653,0.5004657377780677
292082,0.687198431773236
341520,0.18190411887838104
316702,0.09144679945631008
172493,0.1896220359513377
174666,0.1323670930591688
111175,0.6752413276131645
400127,0.18862956764154284
186473,0.389568976938009
278637,0.06820490640351078
423143,0.28117056933559353
430405,0.12246896477205474
371439,0.786372088545662
113863,0.6153086999429529
205641,0.6742714442624218
153782,0.038917356536658614
359958,0.024558136963068106
369152,0.4130640918841922
161606,0.24962445136048067
350944,0.18952485676848144
177344,0.4555564905981696
235460,0.06630384824222639
357162,0.18119215061503535
398953,0.4260662356247281
217778,0.771305757491281
208620,0.12346014254826498
245834,0.21615310900569645
306935,0.29445741856150076
403223,0.10712183480182466
127997,0.21239491290195622
283576,0.19397262992563866
281592,0.3229263385595374
364508,0.4801497478298328
422067,0.1242393894613992
216985,0.13708638756653213
384183,0.2018071257348771
129585,0.4306105011883917
378054,0.5933064833871327
249528,0.31682133228301085
100699,0.21496193411409445
422667,0.4322138089737009
355700,0.43778287441655783
138522,0.5433860526901888
170076,0.10322652283849215
423133,0.21356220363211495
419815,0.4528286068965099
318634,0.41343975360685786
307691,0.16660311447384168
384209,0.37093791832964035
331905,0.24640378089016987
250462,0.7316924044347555
289798,0.04883009523905519
423957,0.6454890456355525
369350,0.04945411312919522
324171,0.2501446009775346
149165,0.12939423850243756
250514,0.1286174449156643
264587,0.13966916951759817
119057,0.3432459026482013
393684,0.33478426322853466
192433,0.08463431671039563
433611,0.05234823444177517
313811,0.8076467116352308
425967,0.25640625663917355
430433,0.2564693738648903
319580,0.3788306412762934
383962,0.23499990984641958
417998,0.6886199754693902
408531,0.28265612024131
332042,0.7405286464654863
306302,0.7666462535215106
397501,0.7548805488423184
202945,0.12625313012578473
286201,0.16916185353429183
103252,0.557299822262541
414016,0.6066318997504468
125592,0.19040114973520295
269123,0.7224681380625546
222422,0.16937558247985224
248856,0.40899237817526357
438950,0.5023269774406769
238257,0.22907314403564807
276235,0.09206220604214717
169625,0.659743869795821
202557,0.6086012474022215
300600,0.14109522034154762
164015,0.28359057308057706
433853,0.04854154549926043
122409,0.49937378059083154
242904,0.09025145921051357
367064,0.2888048443518446
136289,0.1689839982053278
248036,0.10870113698534518
311714,0.1292841962139424
384203,0.7173499980551057
309007,0.8266626014427559
393275,0.3321604921025312
220629,0.4044393282540892
384805,0.16428090621793748
337896,0.3379983610635773
308709,0.6466912178833332
358627,0.07039235721029678
420863,0.35852142644769003
166922,0.26924414141144964
306368,0.11428402480800018
298860,0.09965589156235452
297042,0.7657984111658336
313381,0.30516720855898377
234935,0.3066877455452387
204971,0.19964092905146186
327137,0.3787171147535398
206315,0.1503076187111971
144781,0.13040136016187978
237490,0.3236260209856112
251152,0.27194128143113283
296616,0.2214300914683984
127582,0.16990550054259346
447387,0.6837087338282656
242994,0.7031293709825274
109162,0.35869980458780837
452414,0.4065479094231799
332456,0.3534075149468868
211326,0.10142454727437489
118548,0.33341117900467676
413731,0.604467665617278
149158,0.18080871384838054
391614,0.27062820271014787
146428,0.3349233500847182
261283,0.12488628589350062
435809,0.14119724470652423
212592,0.4398820124063317
124257,0.36740176682518644
449289,0.597250668638662
325289,0.2697853167070449
314796,0.664427386835919
354586,0.39504728528569355
183076,0.3609763144535123
317736,0.24996722561555298
266141,0.09318605428388668
419828,0.22199920885151297
407829,0.1308025682146678
115033,0.7620549702076806
436323,0.7800532501163903
233223,0.3310481162502367
203286,0.06365343662009736
137194,0.5522156960617017
427146,0.3929960949648753
267847,0.28887073599649465
224876,0.45399688823842616
251401,0.20533435849787843
136041,0.4874426474566625
145006,0.2567095320788531
225132,0.22790575510942698
208575,0.40618978217990576
292443,0.5076089436042323
313243,0.06668446975809618
400526,0.02625562467030017
253079,0.2570160224168392
320003,0.13439238431916056
304375,0.6157459492947679
115916,0.1314227441130477
412234,0.16015772512263587
417255,0.3317372650718026
445908,0.20202099742364668
131690,0.1883950998865933
278482,0.5345543021687912
202435,0.28348636651200465
416903,0.21445419498237997
452396,0.518313548498179
434263,0.3644406384876446
228429,0.10412280280361702
114463,0.11193553171837223
422940,0.5987669221419293
199067,0.12716936528290737
101764,0.5291471619133976
226105,0.4572671228856828
302673,0.7569658217367533
414171,0.6704885255970167
419535,0.15583051483826904
406227,0.21551862225970417
331411,0.20574284592550116
108467,0.38250874942045265
238237,0.18142240486783387
185125,0.5907756123749991
122264,0.18861188624177824
333566,0.4426989750367171
333354,0.3597638815966695
185662,0.25864779882060046
112846,0.2556969056627328
367056,0.11119404938277545
378056,0.29034050122304006
242269,0.21147142618057613
257548,0.17156662953706
164961,0.5430526651569162
341356,0.3449425236515137
329494,0.19450892236196474
381758,0.08206750268719294
201332,0.2347154986899039
318113,0.10282565759909593
299501,0.2179388127844132
340909,0.5153706856231847
393015,0.37456736957938863
265607,0.10707626442400933
208027,0.686642514931773
431757,0.36549342011553954
393202,0.41517551282532544
127665,0.3314093133256737
205907,0.4792762364499758
103461,0.054089377334432975
445976,0.09710693681492913
280631,0.4208543532221337
417949,0.24144021674808183
354775,0.5380066016717686
183419,0.19856004478136446
339736,0.12855984185065805
429770,0.5259876884611211
108956,0.5921201226315437
347748,0.13578919933515035
304991,0.14313717434121273
220387,0.22353171750333986
402640,0.21780137212328035
246765,0.6066067969444391
266983,0.06351459289643759
392998,0.37275681856409976
131815,0.46649743972752733
334282,0.10226893124739463
391392,0.12407005227956831
158044,0.12272273814048719
351025,0.4273258611351416
334703,0.5924151023893562
105629,0.3040671378825577
398086,0.32897511968060916
167701,0.4371008007995859
116226,0.07681181768006204
324788,0.46711142495932817
434765,0.1591142762731553
451331,0.7491313640025022
138068,0.22544634835217056
103613,0.5852860566326259
142431,0.2971446073341864
177689,0.215472538787367
311950,0.1255786547464765
147497,0.1516543408759135
230585,0.4738524718862438
446694,0.08694975868006172
192978,0.4166083105200314
194291,0.11213819870016632
248760,0.2950372859379114
139304,0.39121214861655257
433384,0.3522821383005984
256506,0.7863091926652904
388449,0.03315760567418553
120335,0.6118039775530368
177055,0.09222055854571773
374061,0.26809907882084627
314041,0.11437892144276858
186934,0.1475224201679395
376341,0.6778627204176608
329934,0.12869719434933385
354640,0.05605156720420424
303050,0.4179887128550455
409805,0.04609969491138719
125531,0.7212847013360384
263857,0.08811003023694745
335015,0.05859878015552309
408517,0.6382284437356249
329248,0.11827749625404359
296801,0.030134655292486347
129933,0.409025546097619
165910,0.4131506397616018
454155,0.09284658010156112
140042,0.10301609453059876
182275,0.498005961975331
159578,0.1523847179480103
328783,0.4845186603307931
365160,0.14531766607256488
259423,0.3746027601444801
223925,0.0730053838680346
307509,0.7896113289485633
308028,0.16984765195148707
434223,0.31727467641465396
132462,0.13261321243807098
383827,0.4642010397118151
313109,0.6728320673191821
374568,0.5091772339596735
224614,0.09793836264922272
322229,0.06708505536224994
361570,0.13998002409453505
355877,0.14763564496066034
388211,0.046944736444380075
291274,0.4586725766794345
135684,0.5146755344406557
137827,0.5229242497286266
364854,0.4437111823144561
212635,0.2782811233724595
143831,0.5805008153728124
440439,0.18406607122105434
251732,0.13694222256486063
296088,0.4153021886171935
161054,0.3842991565858974
273206,0.28228032044432655
401899,0.5289783556741658
251378,0.5012853205784003
284087,0.4843530201962416
144498,0.5852949677931657
417411,0.13912744819352696
252773,0.2709145665198993
398661,0.6289240765246652
124675,0.09888310591239803
152437,0.13390919194994894
294776,0.49326039993071974
358854,0.30462261382038314
355996,0.6371701817555026
398625,0.43915710094662774
439548,0.6110034619123537
315278,0.1468807962595539
305994,0.3066270012016626
427075,0.14949775987871208
315997,0.09503887949126481
103562,0.8355329035502043
131677,0.45360543006725706
381764,0.6866981435968306
365153,0.5343188096319526
100797,0.12765118276064824
233960,0.3013210647312806
191435,0.26116565710504264
343470,0.42618850455643537
106687,0.07377950049115094
205204,0.07170165800159625
410999,0.623237981085714
247814,0.07512165955572875
448188,0.10751126136788303
282446,0.18909758301972202
320765,0.7997426124276442
262446,0.5777784266451652
233888,0.1265058656419696
133025,0.21079819137061287
376335,0.36413094156128634
117753,0.41534857616286663
220394,0.2984408884763305
242365,0.46204910001272337
209233,0.2833131818797376
275767,0.37067409647398386
245367,0.11300446111590776
405857,0.2645554534255774
399427,0.07218512373296028
110859,0.7378726307457071
432263,0.19401701377368197
414002,0.13081788857243598
275473,0.7112690233444705
301717,0.18262265493355653
397615,0.08374825834169602
271296,0.772972213214656
411463,0.6137307685659009
143463,0.11818456957065361
279939,0.7542846006953972
211270,0.47328201332314146
223971,0.7802582725552858
102562,0.10064562566776865
141387,0.3018538758475787
341997,0.43399737907315894
429667,0.34217758775458923
248429,0.7878488332630952
403967,0.07606101967925258
311663,0.5842291949042333
232518,0.6321652847371698
280653,0.8448046494919252
417988,0.577710934231693
437097,0.3559979982210332
120102,0.1910859427867802
188199,0.4183951137553398
186061,0.5705126671052226
346384,0.5874318863869998
175435,0.3784485580570498
433657,0.5303296539276722
344060,0.3871635040212779
266334,0.4482120985618236
424161,0.7773217855332607
285978,0.38263612559417753
443324,0.12949680696769805
188729,0.30851327021479596
288472,0.5472296396940595
343888,0.6963936761113686
279940,0.39273713716360276
204235,0.6723892707749389
429948,0.16922724448907717
167727,0.1431417871949944
144744,0.09221511316386269
210137,0.28514491269042697
161297,0.07380519036852984
437246,0.09531900915660887
304680,0.4800296923541952
453101,0.18916254737914498
397975,0.5454208019103027
443392,0.021207137005170493
316435,0.5045438137394451
259064,0.21629002738869707
301459,0.7813871204377967
161175,0.3237901712918504
108381,0.20453947249039992
220893,0.26426143680215086
112771,0.5980534199016883
396227,0.4511805901454491
438309,0.10663384044169559
355536,0.3259027076165198
315937,0.3118810094483582
243873,0.2887152337998948
264087,0.13045132090159386
414022,0.0783239532895276
212916,0.203299712844192
252760,0.20942632285484986
279878,0.4796908197934667
415544,0.3019336902158328
283205,0.09822571593648328
420733,0.6029823311758362
114359,0.641712272534882
406725,0.4010593000320914
307259,0.23746545069306293
349744,0.483497697857479
210906,0.5514406803888096
239715,0.4276431041538638
375156,0.3468064115630944
201350,0.13618578307955975
380830,0.28388664578659123
240577,0.21830298162494471
248585,0.038233642613220535
120036,0.23861038574612714
263860,0.5298517319803248
287775,0.08942206269000927
190698,0.16361303330106244
315894,0.5718862969633034
283466,0.07947430759326136
229828,0.21412070304991462
268439,0.6737794965595014
109461,0.36746258168463786
327996,0.3287464972141231
248626,0.0319565158748321
168322,0.08695519428882076
121791,0.2952547008388328
141089,0.13394560524440866
110149,0.4844836414042921
201815,0.07050221443662491
207497,0.14459450690933706
412525,0.44560515019684366
367906,0.2791306773818464
437858,0.3761364881996227
245724,0.3270788313494518
333476,0.07023380177942494
222188,0.19187381652005212
252312,0.039012551972501
216589,0.15272307836218824
180033,0.26965113180354094
320940,0.24714398891445835
348358,0.6066394631572767
391162,0.1410473476979954
144910,0.34720973474120276
443380,0.597200629716873
138652,0.6839161597508912
325443,0.25247043302209743
289797,0.2288020398686901
237439,0.1364768345146985
386633,0.6057264534628518
323189,0.6207624916240493
156087,0.0922890133397737
367893,0.12712673391006646
178268,0.19021734614027386
185342,0.11776589546693725
158004,0.20016960211974671
393218,0.6577543473129617
303592,0.7498487811763868
199213,0.4938480567192604
449465,0.2758524932002108
273247,0.6076644716759267
201256,0.11398682404233876
366874,0.24557900718720313
120647,0.2255621369721534
387324,0.6281148148287167
115708,0.2559266791604461
405679,0.2030188304558229
407838,0.11647688536925782
422044,0.38962407823030965
250684,0.4245540464880508
394372,0.4588985935615429
432622,0.1141108245719239
194620,0.1813601097195379
130137,0.31261571392932525
381580,0.300490659360581
162227,0.15166112722308533
245708,0.1407846696398318
153195,0.7614728034018752
435013,0.30313099052620557
300914,0.6020997783152642
386550,0.36773732393694886
407674,0.04756890569029693
375843,0.06145807958102955
333629,0.36722115716945414
196444,0.4946423109506387
382140,0.5698591817972496
109362,0.5268286496082601
216142,0.414048587313472
208195,0.06382949947994011
238307,0.07550201621329493
101897,0.11878384016340025
148823,0.05781679751190389
191738,0.6203228217679545
146486,0.35319210490867337
203075,0.2314913167386508
452802,0.11637381960785462
369792,0.4057671257392325
146011,0.0711670679384461
283590,0.369175105351557
102522,0.17305891296760056
196489,0.5476419840900483
114686,0.5393041753756325
408262,0.4844692125980334
168793,0.6473995274254151
206656,0.3046507234171653
410360,0.22013025702898995
251276,0.09418191309297991
217807,0.10839843063434089
186448,0.48756846512152985
248037,0.42563027686067434
135410,0.21103016161571916
147791,0.19522739490549934
189711,0.6767773526559735
108112,0.5669775327191269
185418,0.042878110136320736
278821,0.4616894495385874
401190,0.09091023937346868
201187,0.6387482157260279
272302,0.5334016702738196
428238,0.15317945229030125
411957,0.6740521312172667
429637,0.13788247270029758
361606,0.6708622372112379
292452,0.33905866736063983
420350,0.08965497048762658
421394,0.04125256350828967
437147,0.8571232061942009
175346,0.0840776463496544
447993,0.5456679228788017
177749,0.4235644137145738
388683,0.08993455680882896
449871,0.38677978775012495
296527,0.111004787401152
153198,0.28262688846367484
334857,0.18576540803018415
137364,0.5807754847653696
102731,0.20631323776015367
181644,0.45542629261039597
415123,0.026413534100043653
414109,0.48663828578111457
298845,0.3564397868531701
202927,0.710017996455682
232172,0.28645260681161117
454778,0.17892255136922275
273912,0.3827956752064435
129580,0.45579976406059036
325852,0.3143471705718317
446759,0.4081981657433417
437020,0.10767425881652407
370862,0.333832186952379
304350,0.18230706788692683
245411,0.3385210343336929
407697,0.2861377587742589
293621,0.34387726181476075
257765,0.3349715044318716
328694,0.26311825524084004
197611,0.5409317569068978
208629,0.23151102664861584
102749,0.07115547551451704
155401,0.4243074218650539
288299,0.36973846909937547
288996,0.4008273892675389
258818,0.3290665986749342
348370,0.20993174203485232
290970,0.1125227369295623
204614,0.2917084562718375
433820,0.31425823554519366
130125,0.859608946804923
137747,0.214225296359536
447184,0.10923637087547426
418009,0.6899693307002237
438856,0.8310641195829156
361885,0.2618170294825637
383170,0.49485068806455557
184486,0.5541242138837205
368672,0.7570377380147096
151113,0.23508579991099338
256459,0.06512814586471556
140136,0.6601196866407815
134764,0.5291509756896102
411248,0.06569805734026504
407334,0.1862081134710469
132756,0.3266935967369434
233589,0.4202662141444957
286967,0.06732661018563207
129914,0.3323102055582654
406005,0.2155636956612912
330376,0.09056386636339278
103940,0.07722030551584869
179590,0.12400619273459934
195496,0.5363762980837699
448919,0.37652052091072474
344542,0.23648759409566797
205898,0.6727174823116516
196605,0.04148755264543509
176741,0.14445370494045093
145869,0.4808988924776715
359697,0.2607888405658999
396829,0.12037563445104153
295670,0.04963784352801892
296007,0.2305740148883046
208231,0.7483012825701558
155719,0.04912236078566711
144168,0.2590077584120807
298515,0.4508567691671837
187401,0.3801839925039416
326027,0.2266973316642227
193054,0.18394970794572757
405846,0.1713655241785667
111665,0.5807039993269452
338842,0.4457825850979636
257263,0.7482973513815915
409574,0.21399613361260833
362872,0.3521802754123984
165607,0.10174555749510268
349203,0.30578537838472963
427660,0.3895522621912713
123709,0.568932279470709
422005,0.7151878220440147
441082,0.14937614688964723
328926,0.08459837842519012
169470,0.28315753785988823
279371,0.7817007707997975
226183,0.09134398365279431
163472,0.32134557539313874
350293,0.32768076433290594
321784,0.591218055869515
346923,0.08737962168822037
345450,0.2232802660269192
405685,0.677344085386648
270843,0.18305177578902934
242037,0.5679318578600925
164031,0.44402616910815795
308504,0.16921965843640305
262655,0.5368673143420737
455802,0.5235013093260825
310670,0.41381858367110563
128892,0.297586473836653
297266,0.6812867869852284
402276,0.25203881386804405
291055,0.21562549541603113
322503,0.5852017753876351
256829,0.08601751960093884
319697,0.2748197723679478
250363,0.31280287716606797
142579,0.3932001936582595
451226,0.16995481032575532
152923,0.12267275036732998
325919,0.08835815696055094
304977,0.4787911803745169
453507,0.8075398900445863
412753,0.09594833725764407
166321,0.5264340848141857
399702,0.562359573363151
286511,0.7117807091846343
118803,0.5136566356166219
446322,0.45908463610071887
395665,0.2691247400941838
153924,0.2668793150978825
416312,0.2614136390580443
117478,0.1491433977564904
430674,0.35855275617040394
251133,0.6066151301660679
398138,0.24842964198109746
374626,0.26751101907350067
248355,0.10761791786629492
204227,0.42152894529154794
355604,0.240549036907451
400011,0.4068937269770376
119049,0.09696680853301043
452865,0.20426215758442084
170428,0.1489277284982494
300910,0.5252625563068212
336321,0.10830649335464111
169389,0.28739921701067667
262629,0.12482885259041483
265336,0.08947263534164346
235356,0.10255260528147596
253950,0.1094614250878177
227393,0.2687574475549689
192868,0.32982019842494004
443035,0.4742745754342631
342950,0.5345208653683072
146623,0.22383217461856506
409707,0.18383110262394595
452768,0.8317364195352877
224971,0.6546640125966354
404160,0.1336138685597424
213018,0.3218383197123634
257875,0.20109828622653073
103056,0.28906452483016093
359285,0.09037813754310992
153479,0.574988463480059
135622,0.05598626164556914
250661,0.24820059344788525
214078,0.3684697052119895
138237,0.3330514265307128
132012,0.3063617965672914
280374,0.038367449186832846
158973,0.1614765343290983
232108,0.06926176166344646
443018,0.5114766455323406
320767,0.3893316383621813
322497,0.37794288789918157
366125,0.17976239776059022
431869,0.2779817625858159
316786,0.12820750612959575
130256,0.30347922397696875
248744,0.7003463354348438
163714,0.59939917796269
453761,0.22711620494634213
301364,0.28247695045882437
341342,0.17551150239762525
429835,0.4911352004322744
336361,0.6058494710074619
326799,0.11405679090309452
243440,0.18977553408910236
226265,0.3665547601369881
279847,0.22806149182539548
274585,0.19141695382845275
418272,0.3867858090797401
421997,0.06906614967064158
412941,0.4343857104302915
142676,0.40429968047530646
169988,0.06325388092465029
199988,0.6222355445505375
292916,0.5127517718901533
222010,0.12194047913372821
221827,0.568336099506517
257624,0.6494566389496083
440714,0.8193179945452284
284380,0.8158359008934682
248961,0.1332018998283564
407324,0.25744449123802754
435533,0.3514226104274772
282218,0.13331185314348487
266387,0.10392390826218527
165951,0.8409807186803591
118353,0.5655046228648285
146345,0.37296753891923146
279068,0.2173290863529726
215103,0.15049001198103848
334053,0.09758238621043673
392450,0.15444240788166025
394373,0.5539032563279236
420634,0.3230706791875467
252568,0.04778887302363867
326259,0.2700167110314953
209689,0.23744652332232283
382180,0.2211018899634688
251180,0.2603795806582956
157515,0.1064366214767566
392578,0.34012219857470694
163601,0.491308387931399
121846,0.15940320409857964
110058,0.05943087595843508
253004,0.24369379005648756
355418,0.1791085169641634
246708,0.23125698170092818
124654,0.7440325947567298
423087,0.22383344745124334
356880,0.32953276323364855
313275,0.26737816433922873
424708,0.18920786403538375
412180,0.5582343573190769
211292,0.12466995572137388
382496,0.08088878971979716
331390,0.2408702747497578
214334,0.36137713417945655
317830,0.375644969322429
196486,0.08608284047283823
283606,0.29764467959546537
342194,0.4565219339719586
319911,0.4715307847494832
440913,0.28372567547582805
194725,0.16392876050307012
229963,0.7714702393258105
364731,0.2780257630558594
432642,0.5366185838366406
429091,0.5729774084806155
274165,0.14695456316181857
411026,0.7321140014034109
257589,0.7474390225763828
117418,0.3545514338721544
408463,0.5608681961226156
340239,0.09744825231872191
200753,0.678742707070549
341577,0.10408384699228987
331054,0.554411676441234
176118,0.4122700213728863
304164,0.2452127111706345
249630,0.30947516811206105
142273,0.10218751515578929
399158,0.6772724047739455
432648,0.2647476482006181
319814,0.08715969319782754
192455,0.23144016135199263
428143,0.7033209325900586
137455,0.48469562174697567
222357,0.14846190432245152
229614,0.40620922777233054
148069,0.778223421415511
388667,0.26998758074211404
435260,0.14201284601217004
190006,0.827960129735091
170217,0.048399569641164
179768,0.22188609557614514
425231,0.22891822937458817
251301,0.20324140506196187
419816,0.2694059988007463
255366,0.483335117324902
218113,0.2669720340234964
219774,0.210854511906406
107765,0.7700716787722028
224428,0.03944331319168732
315757,0.41682968706767487
366168,0.7783693880246696
155318,0.09404076630597072
441622,0.07337593648608123
240930,0.4201810149533174
167737,0.17069814507080006
102415,0.37217441792072387
107977,0.23075714582389187
189907,0.7930263989872102
329245,0.5158930572800909
341447,0.1040386704330056
179449,0.16290640802033637
208123,0.5641549407029943
192252,0.6410183369971997
332545,0.6558510716307917
244396,0.11251470031749564
406228,0.19014387533617905
332166,0.09740280255565577
227248,0.29593032623161447
437790,0.08005030037028431
326513,0.1795925339753589
293778,0.38120532317011824
448909,0.5462146002920764
415712,0.13257888014345073
247950,0.27852290522731665
156006,0.03598795196986767
229905,0.27780883588453253
389433,0.30254774440846877
373560,0.03226671497997436
300238,0.02909875253636232
172863,0.05180893504111262
119806,0.4257948186859645
359095,0.14228381960733985
185126,0.7146232313113877
128760,0.5660963452364256
442002,0.41051108008896087
119047,0.3932563737323977
392111,0.11708747806265078
290576,0.6714554951836973
401172,0.2163470758626951
370199,0.19492129712877146
276048,0.37397533214022843
388056,0.40670795168954216
275932,0.1170038881582315
120020,0.5223105812475568
173197,0.8014749735858617
140425,0.2040383479750329
288184,0.12290696896796544
420872,0.40630012769896706
129090,0.43561448291024335
305064,0.6131901793117123
143773,0.39156619691892286
454165,0.13129899786400567
309578,0.44837160933088016
165904,0.443405800590198
257154,0.6599223155323324
446699,0.10272209958667058
358631,0.5778173593781489
384365,0.13139772041585207
103371,0.7440772064067162
205776,0.10323832756098571
183453,0.040614353936102486
319893,0.34466987871530375
415497,0.11723277425259153
101789,0.05375693010551303
433441,0.18773352911425706
298569,0.6407136172099013
107655,0.23765253389195565
212957,0.23138633929825933
376301,0.1797093203860637
380020,0.0656609929102674
362210,0.13476447743749656
261587,0.23159736694269173
122354,0.4196142953435598
441672,0.11950374994396684
257920,0.7334112881079968
116440,0.07284125028521111
409174,0.049082698694465035
251021,0.08810384723657336
157120,0.7713481213017797
171684,0.28325909422619977
305178,0.23219528475136078
193817,0.42835617519020547
137354,0.6566700523912805
274216,0.18094753373700645
437306,0.3350571652987031
242617,0.536730232923297
121099,0.2968654672355522
293542,0.35497254297860603
169571,0.05099037016995389
172770,0.7323620562833439
264841,0.24529047029820003
214647,0.166059986814137
320704,0.21464383871423826
311455,0.1803782693732188
165199,0.04809612230836004
319192,0.04685260950687093
335863,0.5520305653935415
352353,0.3244925483118787
176720,0.5512974356896377
199550,0.7305110046458023
387972,0.20833406316392075
140232,0.12282884024638391
347952,0.8370918476393387
146385,0.06074367366374406
433173,0.18159053661444727
236904,0.331275784438663
442586,0.24178070744980312
436562,0.5505136805556908
145862,0.11679348172864078
362207,0.09480667035075872
115618,0.02954493705382866
342182,0.41236401746025214
347078,0.4655514092662434
128047,0.49408096077131275
234617,0.1585189305954447
289063,0.7570937145351033
151395,0.7417546806963669
105357,0.20805132084293326
103998,0.812366514236917
197384,0.33457847219228937
290467,0.30423022403359035
110420,0.07212008421072927
145167,0.061582170775755236
123576,0.14286680880376057
226654,0.7414571059005071
124230,0.39482842645441363
154920,0.11688886019167695
336524,0.01964057240613135
319352,0.8399040042414493
198539,0.06201557337744144
259755,0.1938224998420149
174286,0.0699742568500638
391236,0.30478331475751874
413989,0.22971978282919694
423724,0.1554056194431961
448422,0.23491113787852774
231562,0.5012071988926824
450865,0.2872241952231498
334695,0.46776884750903125
310378,0.20460902698235015
149947,0.4526181895731693
413352,0.07422728065109886
228854,0.11665826873675017
106087,0.1690904494658385
153345,0.29209798025465383
420862,0.40373028557495294
106035,0.6374857255305227
246543,0.5082274994621587
317488,0.3196250800827101
100090,0.26275161757208004
398116,0.4771931545834018
177805,0.08182624400571364
340503,0.528248328047489
125835,0.09122800882592802
175835,0.09990867359137598
127155,0.2666921650622831
132352,0.27674642983601255
152892,0.14422465368939258
341278,0.2819148525271136
432686,0.6551133209556832
318536,0.24019073706588848
179262,0.7451460302172533
283261,0.23227012795964153
293192,0.15821874778290235
429219,0.6750386678680064
183656,0.3251342474066864
208595,0.06632152520183338
420727,0.3829570570312697
155088,0.3763311525604991
299682,0.3586290806451122
134287,0.34034412254113605
437430,0.7896169983262847
107747,0.1580531003111275
180478,0.656658159315914
406216,0.5680494160135526
294653,0.5394671296445056
187024,0.13477521434040513
159034,0.14938711703732577
143076,0.19392732716258795
125031,0.3752262619571155
161202,0.685878326072394
430770,0.4157646662997744
197058,0.5509041845234771
369712,0.12844713675554814
116406,0.15503256320892078
446426,0.5095433953118067
369569,0.1818969090950594
324620,0.8425614246202178
410595,0.23929256767271073
433842,0.22750641012400685
221636,0.28142538398197875
195300,0.09934414747063483
284000,0.021140469834718553
388264,0.12614919451056528
327917,0.7664192643715084
143059,0.13838339692469853
305448,0.5742519341176084
151206,0.0819354886954374
164256,0.7003675781213419
231513,0.06138284239679964
249895,0.6228002562331963
346546,0.037418586314274714
216565,0.12332937713560137
187868,0.2473999660314819
101819,0.12667122546086634
122069,0.13873506179519812
134626,0.11335108496881045
432284,0.037875591195407954
154325,0.17148632414138096
431144,0.030360183376492156
131493,0.7865015365829033
115185,0.4799533969177199
294313,0.055454507556885496
187871,0.17743971496289374
110304,0.09693725216598663
331212,0.09784999304889681
251506,0.6066697769006525
442093,0.14901360476290698
292966,0.5398319013228177
355736,0.3744660505556879
290233,0.704281770281699
395538,0.1995444031318205
451370,0.04538323383185341
147925,0.3755484208212213
335096,0.061147596987530764
294486,0.16953993954621702
439766,0.2477215141907314
364079,0.34317240832403384
184869,0.2731610458623135
445052,0.6469856624985978
180852,0.6885010724938925
110694,0.2591676147178983
105067,0.8460079412493914
240131,0.7457293043904557
180755,0.10746414476748001
212262,0.1768148890391347
303670,0.3803457669775096
196834,0.19372248773449546
326538,0.19155259098679245
146303,0.1547886517945899
233578,0.052135113908551925
114607,0.31381748212548266
322938,0.7251286406638083
237731,0.04419363536467775
269143,0.36672468972065386
258773,0.300757862562435
122561,0.08659764226671658
299480,0.21366397939686815
367526,0.41392222651928856
240992,0.2439054344715938
128858,0.17956680880143527
246705,0.20753443564211047
281633,0.1519541113189213
175605,0.7404026943171881
396297,0.26687533771789645
347097,0.07921157888814404
103102,0.8234608417044391
325180,0.41636948558245285
181567,0.5352731315166148
286813,0.5272524520591255
381750,0.4096369290680395
356641,0.33884057321471217
364783,0.12554610878413242
411719,0.4597364778949529
109393,0.32814006016242486
148175,0.1230934059120391
135803,0.3452063854169114
208213,0.5072532709624145
128317,0.17297863856324644
369144,0.1240574978977212
191824,0.46014987907441285
143613,0.052304113736216774
335388,0.58645466365547
344121,0.15731263788259983
230289,0.7392486240111587
326299,0.5367659665278933
203745,0.6139524051040265
151147,0.56341655351463
184870,0.41214240648656564
411170,0.42441410903229804
110547,0.2730559353611683
185997,0.14413257219510595
164712,0.4788048742344496
179034,0.4908385919698474
111127,0.06317248724579184
288617,0.19979635783037664
441497,0.31029287629836594
404954,0.1443233883140406
277422,0.6482532820264868
424833,0.30760097633707534
274818,0.1553399238320868
144304,0.12861359805592443
410165,0.1330778872762746
373159,0.5539890018957648
206211,0.5299694451676119
100404,0.21374022126164918
206374,0.31016498166785017
101878,0.44758820465848626
433896,0.10343456546252458
437336,0.2242040806131408
162116,0.30064735732628384
252198,0.35650907925685715
274408,0.4707581048450831
414691,0.375055484220574
248636,0.15426578900844581
114912,0.4301824853121874
374532,0.07051886540528127
282223,0.0773028991062363
200869,0.1853307850430199
405018,0.13306222847743052
246348,0.12381620725723445
250968,0.09279942354049626
287629,0.31921524092602094
175914,0.3014936464323467
201320,0.06771048608385163
345359,0.7657632529150401
427088,0.4221992496024046
136445,0.7660247946588344
272564,0.7404336926779127
221004,0.6145274831764285
146557,0.3861025588937027
392619,0.43308760431955967
370953,0.07760798870736083
435400,0.22278652029142254
374724,0.6610713574086301
246302,0.17977604806755776
360579,0.6135974629883751
191287,0.4053729460545425
295176,0.04461638398934645
321313,0.40831379275454105
302385,0.1559367180469087
240416,0.2914319872547541
380025,0.42470637733290934
282929,0.033207106600345454
391038,0.4785077867693456
103171,0.5550264190185736
408388,0.1410355494294146
207956,0.3434033089076993
181256,0.7898682373725449
181666,0.4334970617589227
410581,0.19458635816541864
307420,0.3729779110424174
222303,0.7222443161298895
391188,0.11014023755281754
389134,0.03537881645420804
448948,0.5507568474236404
198627,0.46271837224247353
113322,0.6574569585112475
453129,0.11553839029562636
295597,0.5016950113411645
265062,0.13808681830262548
403454,0.312547985545375
162028,0.10515440023355356
415409,0.24611436376377246
205054,0.15047719901977955
256866,0.7076097394486781
405927,0.1431410406475867
147382,0.09879321024417266
249191,0.07849534020785127
348420,0.6673264298361149
236476,0.26729380331205627
117634,0.4085184246513617
369901,0.5416765530004979
366965,0.2634136198282188
403277,0.22935009625095581
240629,0.2316077096120359
220060,0.7905139558853861
315753,0.08809736155932425
196346,0.4639134033310991
354570,0.273581722582081
376595,0.28595649251170147
213685,0.11813738652553471
382107,0.2538091800849437
169698,0.5503773990716165
304756,0.1923905878270947
420615,0.6442491291655408
292929,0.6800410280944374
100170,0.6780716125529032
185423,0.4886682899331648
348177,0.04659164888082748
420614,0.32575405291999776
356750,0.5543457510968453
166590,0.06769831894954777
441638,0.1253206913318125
119709,0.18931807933194894
197245,0.4397224796765091
153582,0.7280664825744524
410039,0.11202631697466388
362657,0.18708929410141217
325596,0.3306762926221126
220881,0.41236820355642895
452903,0.11671851727466914
150503,0.22394912341553108
144906,0.055223355418229585
143500,0.3590979995411547
169355,0.676911369045722
184858,0.059771740973398414
245979,0.13968090472650824
209488,0.7832245800636453
242203,0.06812036666459304
229124,0.6596483349599432
398966,0.6180449252343839
336634,0.5470760416752763
147199,0.1591668204230052
132223,0.45523426235681674
261302,0.8002085277270502
125414,0.7618742084064513
198359,0.1319861038953568
399877,0.14847681557374395
303068,0.6480018155631458
231364,0.10055395648542868
145248,0.08900661345463659
388505,0.5768445304938683
289989,0.1657519774956563
134135,0.43407436158992946
110809,0.7243774370052338
171212,0.7496985158862265
351002,0.6899666075995419
170913,0.5822805439659823
317346,0.07996283467806314
262021,0.8212411883886114
415488,0.5229030563645939
415117,0.03556064218956671
106612,0.4283532796154237
334728,0.8669546363534667
398456,0.05669496034955559
210241,0.18684571820761206
287394,0.3611448722280251
214228,0.49271161951960973
116215,0.6292325762710888
449000,0.6978495724063277
413113,0.7948901034045883
201273,0.09325526258531591
206563,0.12065967464259086
112974,0.14336786488231296
162157,0.3037435178200811
447467,0.2730746534740829
225194,0.12290873509805873
111176,0.5028266648757701
293623,0.4421119530534296
445465,0.5931396057195396
217130,0.5954143910357561
334353,0.03239898444133182
249661,0.12968380229951604
397213,0.1947116335615772
372656,0.38582693341345925
232450,0.2459888386943027
153520,0.05842547257348735
353618,0.11614205112131602
365439,0.4306166546886712
329381,0.41103732657113956
247558,0.30709031630985917
275048,0.4388354356867521
348100,0.10369680454421275
345218,0.09094572947037544
115055,0.39108710970514915
413104,0.46507210067752314
219115,0.2430952098026535
183560,0.24765209817834338
413702,0.24663808442280077
368107,0.6197784106072933
237632,0.12611528701036526
141350,0.20802887895761693
213265,0.15049467579005726
128680,0.2992256604506695
305450,0.13197379833143735
153980,0.03044251883170775
139780,0.3485585877937714
190412,0.08708993056744246
320793,0.029184326223321125
155531,0.14396916783320876
345193,0.10020321815823624
437409,0.15093613065048114
380839,0.06898491875633672
264642,0.41287053185766664
378055,0.2742420373811789
244298,0.46611342583072796
295504,0.052253191707676255
174563,0.540110161062736
309945,0.15178264133950525
116011,0.07177401460946874
248154,0.744843958656758
367266,0.05461964095052901
407782,0.09983498376258237
180438,0.2631440397055002
254125,0.4380277434298786
304485,0.5291479146528888
389480,0.29359898342698876
102125,0.30004352033305853
426387,0.38608365345686346
275185,0.7450582139696483
109469,0.14859481207395167
294236,0.6087278081823555
312289,0.1369055736566871
229195,0.11818702442908512
287204,0.5007580533677332
380006,0.6313655374447855
209071,0.4545716055245973
381173,0.5434600823023256
131421,0.4646664390477287
253891,0.30174087356739004
208270,0.2892139794412198
398234,0.7784152582858979
336426,0.4390888322328707
125772,0.5555145360965978
358959,0.1472243982297143
341653,0.38522226722363806
417427,0.5616739495784865
179597,0.02453065238867973
305846,0.6791756207218889
217355,0.0720489665974295
107790,0.13639166663637786
218847,0.6531304408340219
268073,0.7167129754065371
289762,0.12192287550333548
439153,0.22497234506265895
330821,0.06784247335955375
306927,0.3204136610838571
405124,0.25467869187740944
180420,0.13578583879383802
358149,0.38612366103355034
204972,0.5060916362775659
407298,0.10203989229208553
251255,0.037258316720783446
383622,0.4496836335230923
156564,0.34906425992166074
325439,0.09335221678963
180743,0.7092793948510765
217612,0.36333307848625296
202209,0.12783103764591275
348200,0.04206086810488624
173381,0.4899964233636821
244134,0.30915289616965547
438364,0.13194385955130727
261268,0.6323549645964659
431211,0.2582289930805799
212531,0.3279384344482671
385299,0.5818073119869172
374536,0.12554582759100658
295339,0.13523939073584088
437911,0.8720214406048932
301210,0.34561229662092674
272192,0.07206455840967144
299931,0.3126831454254559
173006,0.8214253632110409
413892,0.3892652663470609
200570,0.14133110992385944
134813,0.11096217476105699
292319,0.350867645794563
305422,0.24510997460237022
422850,0.6931231064064886
379481,0.6123449806403571
340079,0.2014236390011938
174871,0.40724207095226006
251370,0.22211483311435928
165748,0.22806041944205285
147319,0.26252488822898346
425416,0.5546835984153691
239588,0.4555283865275553
155497,0.6034534021043941
197400,0.05559550261344196
211810,0.5118949251018436
198523,0.5467331453134479
262827,0.31667384346272365
410305,0.12219690212301083
132916,0.511505342725668
154047,0.1312825787498149
301968,0.10435824963750209
146313,0.32887830559451775
161701,0.6835556131673428
105297,0.08523200533511019
389872,0.6557718041763553
393278,0.40997987497050964
344558,0.05556515411423752
399423,0.15793380896743642
223741,0.17101371441861554
349168,0.26641103705369645
290490,0.5234022752530361
297161,0.5490411580537254
303105,0.07617798539238242
351194,0.5203656996452892
186524,0.4369293913590478
289403,0.09749827339425292
156563,0.05562103867190026
167958,0.11620280264691897
217944,0.2547494462705319
391056,0.3043068590826179
385376,0.6118415149844217
263879,0.2180973577633452
364009,0.5062456390595225
248921,0.4849156217437597
354230,0.7548216546902242
446560,0.10799691960531545
229037,0.11302400701702138
351298,0.13790055777298413
198891,0.1445424557471296
156933,0.09788705337601933
377458,0.41852615034234447
410107,0.1030334059991168
200442,0.15003800557585673
196972,0.48784676601144145
409217,0.25891882093922197
433183,0.8044230970435648
407916,0.1279537675803111
172470,0.09442657995823617
288673,0.17267409856542282
208397,0.1321540072696509
452974,0.182798613517799
351091,0.21614943653655938
452209,0.2837076984276017
167573,0.6348812181977402
213096,0.4147953472215061
116860,0.47931137358015213
418000,0.3541051444170616
102342,0.29605797175244636
389947,0.20513746339720226
402982,0.3225009528461113
185874,0.22519094145513258
202231,0.4443499412692104
200244,0.2068134978335943
278606,0.17696179648522603
254228,0.4739571442773002
156301,0.6245957060982706
348064,0.27137454204948014
312987,0.46896213929023123
195240,0.40417194459535355
414635,0.44101723129983905
440793,0.20396370723857385
156180,0.8177135757739762
209377,0.18005759382335046
373756,0.8074215782048806
312942,0.38911496583445493
320379,0.5345260502751801
411215,0.41258756501680954
328604,0.4760375349582102
305348,0.27923658644015514
209159,0.20270456393822678
190406,0.37263926073023745
220316,0.3632796384229966
255493,0.16889845610781848
366071,0.6016897025192804
289051,0.3790638269354777
285583,0.42600565681080327
357384,0.2788553447037052
440401,0.23301261112490218
438568,0.07434658200649663
183897,0.0744245537627682
249140,0.1403430372645883
322681,0.8071578566914017
162011,0.21751292881067993
356041,0.07883011086904758
332827,0.17617296100057364
285678,0.14545857273678978
142872,0.14946509905648453
182484,0.5663882909424015
224211,0.06118508345059372
396327,0.17667187010811763
108986,0.44012425252650933
260645,0.29255806994571304
243908,0.8567465698800742
178196,0.5631659973754252
329720,0.20547378511996559
329463,0.4646085840698449
165523,0.28733306342954784
121832,0.0825721009186564
180754,0.3745155135539153
371431,0.1295705472895268
118750,0.24497282805572196
357342,0.5158013925953415
207153,0.2292285658116644
194307,0.35022487063932617
194429,0.34302965045800987
416542,0.5641394323902486
188878,0.15150420064297762
365356,0.34116046139087025
253369,0.3016615577029032
429590,0.1427254390967449
232784,0.7321816579588639
170827,0.03572823657150397
446001,0.6213171498972421
191243,0.2509647446664751
193088,0.06806497628255098
119340,0.3870586162755018
449594,0.21664243403753766
201674,0.15410442855654122
265941,0.3911093742262876
156581,0.5092308250806447
378105,0.6430213065174469
110009,0.5125763270209284
330564,0.28706177432980884
133253,0.3498742837181724
229638,0.2907248837407393
292138,0.1409904639615459
260482,0.7270234448881905
155723,0.6701137760889608
360779,0.21153809756677158
255906,0.265238277850127
195207,0.28595152084639075
324651,0.27495983209502994
132381,0.3458711116809506
417736,0.5826938428735532
185127,0.6430115564769228
423722,0.22066133191232737
363853,0.09608670849494065
389755,0.277201205761336
433794,0.6790297406003755
208965,0.13057931271411075
165970,0.37389033617126516
265068,0.11296131273982428
231628,0.16361233621025
170129,0.0698587066237391
433169,0.3967548164878862
275842,0.3342057745153481
159865,0.761056601227466
175958,0.3094953156869682
201955,0.05811675253523439
345582,0.23299194019469927
249677,0.3637893081794257
289380,0.5554524836848505
312451,0.6122351903170774
183551,0.6995239181288723
409817,0.15437282158470508
436291,0.27657334694533625
301005,0.26315091140295127
241489,0.19398860379966731
152355,0.17611187242782742
218450,0.7000768577538273
305110,0.10486851381461759
311184,0.23024020911966298
430719,0.3072040574810878
255988,0.28796241566566566
267895,0.3425951856627505
286814,0.17537892000972646
453755,0.2689463398305482
157859,0.43303140152516495
130056,0.1524439725101263
115801,0.8370234525843118
410770,0.11245131381275988
108609,0.09523732547060766
110011,0.8173311351519491
290448,0.25891542109298804
294028,0.5241331911882562
148511,0.3878761174475414
234302,0.5562460842436308
141551,0.6194310979713652
125167,0.07619509106493624
215972,0.34429802475360505
415930,0.26815378643976995
145336,0.1693655785449834
313887,0.6946926945570561
143013,0.5914378136410852
410963,0.6679200489093179
218515,0.17726572865083307
204601,0.11388975503089971
438153,0.5133318300635545
129222,0.488230837896539
441032,0.7532037914047048
263460,0.3908163574155401
248693,0.5165116833619553
410908,0.2630616031053635
312579,0.07889085869050444
345552,0.1129754104388965
150478,0.5504531169200506
277244,0.7626415206160598
216065,0.19060435495005942
160303,0.053769419259572626
441513,0.34180359383942505
237103,0.049546505879885246
319370,0.0595838474941975
184635,0.21117044111235955
427677,0.06145049574551172
125727,0.7206025769742828
121762,0.4927606162971942
223783,0.5066893824108358
116659,0.41926553809140515
237726,0.08607102166685014
388191,0.08642500283930545
191140,0.4132299321358457
391198,0.09006581139987424
200757,0.34175439345391545
386253,0.22492959541480254
243128,0.8503032725428056
161886,0.21192848104027687
132279,0.22278431179402547
387331,0.26290346196881026
392469,0.672773772845404
150738,0.0604029058202964
317695,0.5196760199093776
242973,0.11990691269793757
434439,0.7654319760386313
323289,0.30776762935060153
278559,0.3619142749206194
352692,0.26461575990459674
180599,0.43202155039306295
454631,0.5560919585294577
227125,0.49990453370898086
131089,0.09073544273373353
228301,0.04935684303248504
187826,0.6978897749046161
136140,0.3246813687226811
197060,0.2686546046327428
150650,0.5669950603015853
301227,0.3563981425537775
313343,0.7845026793920644
218298,0.6129042367742239
318851,0.04757646285642288
371162,0.38747981362052913
266865,0.661512481559752
399100,0.03327005531529326
442831,0.36892023331536716
321151,0.20359439661511292
280274,0.12627796473413838
388078,0.3614369563736625
295415,0.6139480692486203
200193,0.11484790890809898
156567,0.04404167874091133
190929,0.5146412322260498
109545,0.11446363827788561
425950,0.1837432223371286
117599,0.27719810612470325
333688,0.17890509031097618
165853,0.11372052798376882
206326,0.711604112355214
315287,0.35537305060864904
427161,0.35882328748482206
233125,0.40979310759244936
291858,0.03562547887519371
252145,0.5403266416125916
240836,0.6451949398505729
425418,0.1577117150157877
253837,0.23439772713129683
241279,0.18907516674337194
276309,0.052071993547009844
386552,0.02986597433249686
186065,0.3216549585689452
200187,0.13350551519634551
185806,0.3064079813597564
251759,0.0356383770616037
300761,0.763316559173709
244045,0.4400858726942773
159633,0.09957368240289459
138819,0.3840184848604698
118018,0.5368864449540426
437043,0.2612056992224559
200383,0.37624159221551706
296172,0.24640644471757983
272010,0.29625875463759427
158494,0.24036128429145506
198568,0.16254356285781743
139567,0.06934009448798399
372328,0.6166605791840312
165551,0.31374254583535777
128474,0.5127985760049906
350959,0.057247813924350494
154222,0.698115628015335
217243,0.25092283727861653
101686,0.390667408379691
430198,0.7233745788358233
385571,0.06693165789066682
382880,0.06883398855697022
134794,0.1556331921374209
369398,0.20669847136693054
270296,0.03285873990961679
359004,0.24958223373006855
197715,0.10305378166912932
157604,0.19279699819416055
269058,0.19952663460456777
336038,0.2810748137775251
367245,0.4352944396061705
174540,0.09683072389600801
164740,0.10185072398275512
374559,0.06316064669933273
298593,0.5941329803679994
341372,0.2496413477669491
235890,0.7743095326223691
456010,0.5968671068482599
103808,0.042582741559446136
391565,0.12833886562013813
127407,0.46511294562061445
415718,0.2788070257502267
344328,0.5495079365919597
143957,0.7015382495394888
322331,0.42400670906944893
137913,0.43979565851950886
413851,0.7595304732041135
408768,0.48762881705959304
161149,0.20096860179792359
273062,0.23014778101900468
251848,0.8131624383503768
187329,0.29404276042261795
410915,0.09042554295052908
310556,0.875782419256088
424016,0.3554731791296589
202324,0.5768165634917126
309915,0.30434054151286954
408960,0.6515254672474388
381174,0.3877619499279041
430949,0.19915582495622278
435138,0.07932356589525476
283994,0.8004868260869756
191138,0.31040661860055924
146277,0.3885143398672071
299594,0.3592166148281762
260438,0.5503027315919728
120463,0.5183367447549305
115688,0.06004846554626089
305004,0.14704988173314845
413850,0.11439789770370258
158413,0.3523371572442605
428206,0.18508794119973943
322395,0.30165295986383356
156773,0.2627047501075601
223951,0.7273777636667751
406082,0.6289780986557365
283429,0.7535134585735815
400331,0.7685362518379667
141389,0.24826556056837096
126872,0.6156228284990962
176459,0.2137808434883941
213205,0.12069246996516818
123441,0.5977902312770644
216150,0.14205303277099177
198703,0.21903891355868418
176077,0.1299941264885856
189333,0.1099841566306859
199276,0.3077711252639207
310245,0.8009418356401985
338306,0.17222325535927585
339452,0.346311724862916
364844,0.2999122819599065
295095,0.44373609528350927
148680,0.13105456877597918
102151,0.3603057807781457
233652,0.7014234448740748
187477,0.5638783879080318
449180,0.6578068744986221
143605,0.07955966741849398
133232,0.45176294470139805
327628,0.08057368192326943
192680,0.6246438107250845
131914,0.0791260230186902
345489,0.5421333362885261
129987,0.07024822782159533
446655,0.4619111594542375
132179,0.8510995247832966
210558,0.5348535465539032
232410,0.2749080737414761
433631,0.2120302175318899
338181,0.4554937383372273
390056,0.22092723767913586
401448,0.17883595091558427
317449,0.3032981709235988
133333,0.18141335215350518
160215,0.3820488730850768
221079,0.09791958782892456
319462,0.23346484135423196
174044,0.21365169661572722
239760,0.6574468361240542
354285,0.2315941306683361
344358,0.21798806132040924
378356,0.5594108790926215
228514,0.36237728240079214
121482,0.45522321768983903
432981,0.16398365499992854
114871,0.22864288201749056
250048,0.3508904835908096
157913,0.610788486375124
204026,0.2871516383421633
358104,0.13724455466633934
355336,0.5140082661919434
101675,0.04359734338783387
244866,0.17663690802714999
205493,0.5825626035862587
155886,0.2891987388683871
380015,0.7067874676444323
288226,0.6358453279766122
193954,0.5840036041678924
378305,0.42195837773832096
224024,0.34463091352186803
372956,0.19566336014532398
264922,0.15402745317281893
138132,0.07168343659604678
334311,0.24839443695816527
345550,0.12339457325706991
100622,0.43060266986720375
261704,0.3345441817433944
114469,0.10166986133988395
345011,0.24316245087969945
250918,0.45192810161824015
276365,0.27118669777393517
347575,0.20508882908494308
442792,0.44738911718277447
288879,0.6526289815154946
265144,0.13404937279933216
237471,0.15016193115426857
210007,0.4227409280411418
293496,0.13547587974012132
309015,0.07301143397256325
237079,0.36600044651602687
269878,0.31998916952090123
404969,0.5833295832725465
209080,0.13107460916278124
280963,0.6544135110644443
387892,0.06914757228320755
278225,0.2538803462566906
319512,0.3235022037773418
455368,0.07902598075645577
417264,0.1303099190411314
233970,0.12098575897345985
418612,0.3676870800348975
163647,0.6458559040709869
417382,0.4787684095607405
276319,0.28895640745785406
129964,0.13091096462573282
256887,0.271611239464004
205836,0.08916444395147496
286610,0.22269348255108906
192812,0.20696231596320494
403705,0.2319145961874702
349887,0.39799061080055115
277488,0.22572621384198882
375477,0.2579919852483627
446273,0.46059801356508767
393980,0.5356510293883174
161059,0.3218440222365023
143602,0.1221869287744634
365534,0.135858028348523
404592,0.5101784177812438
127412,0.06994313561834933
448838,0.3902674255728193
385106,0.774051819432471
163852,0.6452741917069452
281435,0.39136852257818744
407366,0.10899843304422144
427023,0.05703655659233178
431110,0.443847592766214
338774,0.15710064100308035
104988,0.4569347552641546
310118,0.6329102596950547
246872,0.5716192818702417
137689,0.17603878782140436
296393,0.3469680452444285
116156,0.09203669896210721
200864,0.7821186531421696
342510,0.07768900426713699
133268,0.6259486107290216
349419,0.14498897763129245
374054,0.19060871378747263
436363,0.07189249023702783
448160,0.6384106748392687
140750,0.36762676865476135
316286,0.2537538588505459
415102,0.6646528450884931
214680,0.15375523432497074
394783,0.49177876450215086
401040,0.058010268849155895
306156,0.490484696066447
371700,0.22644667889916495
147713,0.6364722680524967
212283,0.15530122824330855
250867,0.4822349242072357
136852,0.15372701631572866
193739,0.19253284704074583
407534,0.6268174255511668
325275,0.20053021150178602
266159,0.22493455816079003
419775,0.4263612947367329
349920,0.746580996066978
278892,0.8727592856066673
311954,0.5742204591607782
308236,0.11767168907749725
126861,0.18298358421254723
135930,0.30934401425712477
103001,0.6267952865546026
235924,0.7502457303921408
292476,0.5113597347387605
329585,0.31823326053386486
422518,0.11459621871220871
216808,0.27128177155068
160897,0.147994928999757
388187,0.28996371597099496
146256,0.10169883390916955
217909,0.1408717679421033
289851,0.3509156789195207
216719,0.12269288900557362
449713,0.08703545457010896
306664,0.24879579734640214
181179,0.7537643493902935
315684,0.22867696344975713
429412,0.36788951475241466
315938,0.43147380554836706
181494,0.11486792050259215
317811,0.21976201132993908
401403,0.2502440518124459
217221,0.17825451292149558
309967,0.7800837776619257
449947,0.34197431511345455
448001,0.29842330918293936
413627,0.3970050915744855
362130,0.20303656008501236
138922,0.6847803589215021
312490,0.19439001859188645
432830,0.5765686878286611
402070,0.3798235323659425
270759,0.619178658342893
333594,0.26390892256071813
166857,0.5243605892536432
177228,0.7063990923018969
318016,0.08792284466980232
415041,0.5442111655524732
397081,0.18247971080459074
372085,0.5437770738305654
450626,0.8780269604552686
133818,0.5050959885108819
162312,0.27628025563763103
200895,0.24385300944874044
293507,0.18545957902142088
185481,0.4473156977895671
380834,0.10318685754693291
111146,0.7789099313719471
373475,0.3845441107468872
241642,0.1668534513007062
388448,0.2113757665531581
410424,0.6970256531539146
304018,0.5787043045077944
147787,0.631263918878721
182500,0.09070810740433939
234755,0.599788616986668
308956,0.3260458590171868
453476,0.22905582176279077
335097,0.13234979179187423
114032,0.07776610175856898
423663,0.08979742002894434
304530,0.4672736066297634
379485,0.8468962062794158
408985,0.10815207676775568
220066,0.6836944374469387
172543,0.17978415209782225
165997,0.2270940843048262
358503,0.13158302197582883
277802,0.7140842277437262
244051,0.4883521484815673
360382,0.37037894025484025
310145,0.7318898784896833
348051,0.2436293878146045
111169,0.8192650601188812
439048,0.2913010086213281
209556,0.10614992744596877
136862,0.8580679926306112
160094,0.032326394305838516
388217,0.4895398711206557
401989,0.3627437476740813
189573,0.24753815398170823
193484,0.5118478637309822
346184,0.20594898789298163
105101,0.31591713420920225
432037,0.05678611022941346
104899,0.06045767935214064
168933,0.6153835253746092
361370,0.71339524549882
206933,0.2904482187730378
250331,0.15604111117635447
136999,0.13258512335264447
439236,0.5158926840111071
443345,0.15762860868734138
409213,0.26449728032413017
180007,0.17209366800824852
239227,0.44369687136879543
207062,0.05811289296272681
228888,0.09494230367673354
179280,0.20368161580356253
171103,0.8121438475184323
312091,0.42232636440599985
107775,0.6595496664717914
212097,0.4391529838515085
386200,0.1840867413351037
181071,0.346093801234256
231790,0.08843584348760952
181630,0.14552307475845044
234946,0.06191843345330723
315629,0.11634100787883334
451856,0.10558820001663179
232081,0.41022101006666045
202993,0.0850394792252865
150148,0.13027617964943233
452821,0.1323254256908014
223649,0.06426424762784085
121881,0.3911926542273785
421993,0.3131849464588557
291711,0.0467162962015732
233349,0.3557598383565703
388127,0.2896982800670223
409415,0.09497029246065704
343920,0.13268130265401945
192315,0.21022790112778264
150952,0.1368607473385258
209022,0.43318423566038294
259962,0.6578979127594289
289211,0.29367563722987555
364494,0.15683476518041364
420587,0.43139433935148935
360372,0.14240389111238663
179868,0.7997303179023175
319119,0.37088209115015075
241060,0.3240689648129969
244136,0.26582804120884557
152406,0.19148549159805775
449483,0.11837513266585789
400490,0.7224160313286418
303312,0.5087989214041643
131936,0.34823531442669203
249118,0.3916927754398628
111091,0.40405475065302676
208933,0.3116550798934018
383394,0.09644016467255655
325392,0.09923569677325834
279201,0.210458390417683
129038,0.22306205021987022
332756,0.48606428884538544
221663,0.5739130552765478
299934,0.5755454879507745
234788,0.28200730632797893
342916,0.07265278133931385
341187,0.4924485048063943
269204,0.5377019071063422
408968,0.19011136509448812
296354,0.07440562380075418
416861,0.7619516723449035
417778,0.07511041319302547
372789,0.5785131598824543
272737,0.034023725178056546
186273,0.12849673355997557
127098,0.20147329614936368
125200,0.4884372261961617
137711,0.2986383154153104
381168,0.1717711873807986
243004,0.6874488705158748
285482,0.43151051159239706
359758,0.7698515561675824
149318,0.22698507324151626
448755,0.2607217688455517
103240,0.5950226194254924
219177,0.1409876285762994
218478,0.20677451273959013
179625,0.12930203653257763
213959,0.22692319056574328
365624,0.20322828363355055
145993,0.5233457660289282
434064,0.24304709934060265
175407,0.5667120484878791
138275,0.08952034809722047
110202,0.65504381658703
185504,0.1326277141941861
334594,0.5536758882214116
418658,0.5705026585450654
342600,0.06659032516764374
100245,0.12700676302938602
301573,0.19616765660368798
372924,0.7323761062150602
200729,0.03375199195438246
138156,0.22168065835090148
248419,0.7032123504443824
337512,0.429150087340539
111104,0.09748639741300726
113368,0.15675588978499835
244954,0.16337655247290303
174264,0.21361891743819228
441986,0.2929094898479067
209483,0.499189664406048
405814,0.15354364004456042
138086,0.05479155387435907
168614,0.2221617639129398
298823,0.10179901105963965
253583,0.7022872797330063
407942,0.11813851858291623
242936,0.37408813399750407
194887,0.13258971851883627
236562,0.6982059244124242
384762,0.34718391810119714
361355,0.5099531264139157
308507,0.06893334903940829
115680,0.08219595713614308
139946,0.15957292142802437
447601,0.247155190918824
223112,0.16038337589217802
115485,0.5873115578220487
191430,0.07556844454226537
299109,0.7024300440450988
165822,0.8491062719112947
317704,0.5076605672816827
396330,0.18415809376100223
211672,0.16073311785192082
298309,0.4638821662092926
406133,0.18698363344223545
145157,0.2480869422231822
376539,0.23240804261122733
191841,0.25326659426300846
367338,0.738324519580099
172896,0.21075743089690066
337914,0.3807990397967717
144354,0.0620239899841139
101616,0.09364023521541825
104319,0.5135933651794473
171360,0.5488342482034686
310793,0.5356144132114635
161233,0.24004019401026003
360881,0.08054952297454147
123056,0.397884458127471
217510,0.1336517316845782
368909,0.4916543990726426
125758,0.2292982245325659
274188,0.2296739834957552
222432,0.11637685900479333
433816,0.25899081692317055
421290,0.6922430310820468
408651,0.15302817444052283
228698,0.2797887806218272
204662,0.18283855056720552
180827,0.16140810668699446
388703,0.6060552081377938
323059,0.46704777685744775
153185,0.12468409307780731
312627,0.4810266105270159
285249,0.05615476596443732
314124,0.5060112763022958
350052,0.24499622935393123
100331,0.12456231516804792
227941,0.10520331426583125
288430,0.6434061734380861
276422,0.12111964097067957
257785,0.476453316245305
248773,0.2923352256483573
173629,0.11962326112919293
427149,0.4537623403732415
290730,0.2153425778618022
149265,0.7506761542705376
330904,0.12940683461269598
344383,0.19091211752394271
102147,0.298829354624552
377764,0.31520843167905854
239937,0.28231113597229374
433024,0.04243546345094333
403603,0.35659841660251557
157877,0.6766978613562237
334923,0.7615680128611778
199564,0.7038665164374092
184636,0.043483926765305644
182553,0.46485809939605405
396646,0.4280676894252738
180768,0.14534883696853257
313285,0.33953325301574866
198454,0.14100529277405974
380121,0.1614366181421451
138573,0.2905529915549324
374826,0.8141169542295809
144402,0.19851206659999135
141638,0.5305191867036994
331719,0.27287892838821515
165048,0.6204031899572415
149612,0.2561592693041839
410142,0.057764980950199565
404708,0.1451779716455889
242479,0.5222023236001774
414149,0.06787922580019937
114879,0.16409324811212755
332270,0.25531393768423993
386989,0.19883631786097647
216827,0.02467358067027612
135865,0.20923717132961478
105738,0.4443301145210117
240041,0.5367802239629663
365859,0.8970401112155146
162668,0.1395259172335415
158535,0.13491390804422587
247350,0.5332919061461142
295342,0.12092322067175863
110372,0.16076859721744122
238219,0.22323537766903054
273294,0.1212541235289622
265591,0.5145887247156986
291334,0.14709299235287526
206319,0.5771493445528959
255632,0.5129066805177417
291773,0.5473896517460439
357221,0.10871705149519012
104019,0.08786299248437753
447672,0.43595778039253985
422962,0.11413131566766467
364146,0.6885993121454498
446845,0.32024863636212997
151203,0.34167198415948247
254773,0.5687805304405387
335906,0.42044286819717425
138084,0.2330169574480848
379507,0.04692446248507958
335871,0.2911150704454056
437486,0.29188096430590804
243334,0.5169947857660541
348154,0.05161025387548303
241254,0.0666580336954901
177569,0.12260723900670054
319758,0.1488117000507431
354832,0.6169498107345803
423416,0.7507629879559568
193507,0.14604463836437354
408688,0.11992067305021838
444420,0.5078564977172549
142036,0.15642525734369586
128438,0.5219467716262008
119813,0.6129450468413854
138107,0.17042230668106123
101346,0.0786986313735969
310994,0.20270199506403758
430629,0.14992647992683103
355174,0.2355559919196078
427147,0.4847189931235805
119109,0.299031281767694
402790,0.2271687717333383
332468,0.3522792609318236
252348,0.14219059720818672
163915,0.08335774216732891
344029,0.33688783975845854
444867,0.20215024324178593
150354,0.09212707297402069
374585,0.12276778990213479
375197,0.17698979770058
112667,0.047678956662078
441921,0.46981451764519805
341548,0.15938345552983596
115957,0.24240572050177214
332652,0.8255415101850844
262298,0.19295168647483799
302911,0.09051797993139327
333078,0.39970107737508737
124931,0.5720703209924378
439071,0.4215044058337767
434995,0.4335355928663839
320968,0.09835253235942461
201575,0.4192631849426063
120905,0.6577124505076528
203549,0.12290324266487808
288589,0.23658677495351732
316014,0.036221166462336425
213244,0.10118763127613904
239075,0.37075267307073734
320698,0.3238059138054347
105734,0.07453721324334556
117142,0.3232477604044838
198859,0.5702990418389853
442862,0.15485956033284706
419799,0.08959945073260682
250431,0.47886515058862256
437823,0.6492070611290773
214371,0.2780051493715211
188262,0.2527452473587146
293149,0.6968772223261982
208331,0.3216149902154411
408932,0.1935021009715346
292525,0.1632153806451257
424252,0.13573621176462847
250114,0.8412076125077872
364109,0.17998085282922743
314480,0.2699363572441763
337442,0.6878887508624275
276728,0.17485681948729592
259750,0.08786094027118227
331505,0.64646227740875
184045,0.1936913989214572
437338,0.6774137675375351
399589,0.6347284591227856
156464,0.31245078675687865
308488,0.7407623010921411
425824,0.5146046093728267
134460,0.4157756205266077
408268,0.31110927074145756
152522,0.28298851843588513
247277,0.25495352402258087
289057,0.08942525576921305
299188,0.6382145037769698
295219,0.1363666071977129
275150,0.2902838151874247
401097,0.21076722956854177
286423,0.18428035731569606
105809,0.2580612255855589
349125,0.2578898706516638
427663,0.2095261367730004
171709,0.09048981909769721
275588,0.6176496929706953
358424,0.12983525189854975
167648,0.7195480153945133
397562,0.2077222824147345
296721,0.32546766448965714
317601,0.46714041949528234
199321,0.5013578180156477
188328,0.2935515395967316
322684,0.12646842827661828
173157,0.1164718930288552
369961,0.2445728610578059
200799,0.6427144875691458
362512,0.16064497186947968
409076,0.1067380580579297
122812,0.6037315343150881
320137,0.3357143345559272
196206,0.23635405009427599
177558,0.2168993412429506
226523,0.36601097775981384
442359,0.10648317788775835
175573,0.340705720236394
159522,0.8098486092661707
328856,0.6411255133063373
183347,0.27450495854821416
106611,0.30097860376689706
104327,0.5561702850452481
413736,0.31137288451725953
130833,0.07057887906605267
359707,0.5816915386092878
312384,0.4483134013124726
130698,0.3947344251259669
234220,0.4654819964884701
305174,0.2672768100920719
383182,0.6909999793571566
215574,0.8281693909210577
260723,0.31361536825201247
387350,0.1811672797539068
274791,0.45880997402899826
308547,0.34601228140402707
235153,0.11053350287755968
235231,0.33522681792203946
191278,0.09129263126736632
237368,0.73755499539617
242343,0.49022541433540157
419792,0.41267109975025834
376045,0.07638897756146312
338962,0.09918532100129723
224960,0.3389311299584856
389070,0.053938383960644744
123381,0.3301234567157321
320873,0.652020079293699
301516,0.08984942797287945
211150,0.04574133385004434
134400,0.15157403867847413
294282,0.5076413380835152
146811,0.37292755625660495
390910,0.06757484212512442
249173,0.8140306028933987
193275,0.12989788018269932
391784,0.17084336440756345
431965,0.11818016175151831
164891,0.8127725235130189
280426,0.43644632828461966
105228,0.09208054994375713
166110,0.12400060933652854
168542,0.3873780601857215
369983,0.256207057418757
446652,0.29409631073640036
263881,0.2692079734378294
284106,0.09243307423105283
192528,0.2356242384849336
367558,0.38295051084143217
301806,0.195768919520381
265957,0.4293320185926877
427622,0.015184454135327222
294685,0.13231290720918473
309341,0.3172708091823772
374819,0.05935785468503463
444743,0.449273230078383
341934,0.058499666077321
290433,0.5969991669573027
264712,0.2911048022558463
153886,0.19786924574467374
391546,0.3268187877024839
229984,0.04831718498925161
320041,0.7044069098701511
448040,0.1839375648144838
385136,0.48581328950664976
157345,0.4069801092776504
160757,0.5093521563883451
431697,0.5206112924123816
276697,0.15038257171712996
115869,0.3619265797632166
215360,0.5162954296490104
224112,0.46330004590772794
436471,0.13220445399381295
103851,0.17348107636741808
232006,0.08294002090412621
443685,0.17931422262634186
271432,0.7579006969314517
409121,0.1319961518358198
315587,0.14710832656432982
373820,0.3690598751497795
450272,0.1255907737912987
210748,0.1106917413615566
399979,0.33055897524136996
175687,0.10049599097501151
221116,0.763463612073847
156965,0.6682624494943195
303127,0.2258456821785261
150476,0.5843565249594278
447554,0.1498190073801823
136582,0.4377700975266307
202967,0.5254875782019381
392992,0.7205684521320185
143058,0.23196684270673276
163801,0.3593104924489326
189845,0.3543927374771837
137700,0.7583284869561695
233675,0.3663023464427091
408702,0.2716771120031998
270375,0.14950082287697417
417259,0.07110032334564112
211802,0.2182605914337335
281955,0.42772515341750766
293213,0.4098740387495057
303702,0.16628964883487288
384204,0.4365237396587364
112254,0.7882872446793615
322928,0.8314184145897106
190808,0.19416239864373777
326842,0.2811404575116815
448459,0.38642505511118386
264338,0.2945559789831033
202618,0.758822055507946
347556,0.16873486836971618
320912,0.36754543450007493
175629,0.2501046948936896
205367,0.7192848162683986
187942,0.38081387221398194
238157,0.3582093730999866
303671,0.16774595976673717
405687,0.17497604037703404
308784,0.30834005385063584
166738,0.44289951629988994
215569,0.43880103444104585
258527,0.023716461600031286
445864,0.7539191050809382
105493,0.7255740472485145
236555,0.5967540924768278
399328,0.14415500708295642
430785,0.2052864333320918
453725,0.11835603478866272
245138,0.3358230729223439
158796,0.18885082435392522
135578,0.23310339130302107
323373,0.15461523113444062
251470,0.13321549315224562
188313,0.6958680104148804
353364,0.1956139684563123
385621,0.0906467045485381
408387,0.1307371040873583
106822,0.47761283674534877
395763,0.20951442729379052
245381,0.09245354782535331
170435,0.1278086196729141
115002,0.11561984712154132
351070,0.42978969187598265
140406,0.06609061485522641
453895,0.12347165736127681
427060,0.6070689516209218
302757,0.49248616971049525
173247,0.21460912923138586
277425,0.05402976147499453
113382,0.08200791737263793
347611,0.09635096306524307
377335,0.07909430642968844
343480,0.23770624444013808
259848,0.11066650916763947
141333,0.2623130962619536
183438,0.10134699452341248
115726,0.7031269535178654
136312,0.1671318988175593
450114,0.27833176121483
263368,0.502207275497823
158764,0.21737589027648907
447816,0.419865389315419
325623,0.11416911456464598
141493,0.1771507035769695
181621,0.26846164388814053
223181,0.360469667951845
197857,0.1428152186412351
392243,0.7944623701024701
290588,0.14819984577345732
120918,0.20797881956159045
263962,0.7222712696064528
390696,0.6118881047153251
109405,0.27758096973885543
450376,0.43580712230525154
424271,0.4686212547179801
311170,0.7819084601397244
365276,0.06522252210196426
186726,0.882430506495515
237126,0.36794736085022867
229913,0.12653958618227032
373839,0.44779984892045605
148382,0.17808538772994056
111344,0.23369546870619154
134718,0.3012581798429797
154812,0.1385588560885379
360107,0.6343297966484208
373504,0.11897133173917701
419513,0.4161810367052719
350193,0.6886699922763816
112170,0.12259604341205996
374967,0.7581317736251706
128684,0.2619085971011126
106529,0.03466901423930548
110337,0.4348302299795287
190533,0.05697545578184248
446302,0.44492523215487917
432661,0.6718786372058672
130795,0.5788413449971987
294225,0.34794576257866217
115368,0.23680955134770937
383202,0.683128188755077
308559,0.4970124251080395
223529,0.20430237269008555
153002,0.19215882347970614
153007,0.2963387696851589
383335,0.44638753838591677
246562,0.13970283942296818
161514,0.040696471978581644
135779,0.30947117780097866
305046,0.8025477067339595
344317,0.28205401048683587
281793,0.46972857359694065
348190,0.45453757825088165
300090,0.19413566383465514
220699,0.41785939511309356
205142,0.06610894905472395
105377,0.3618221670845334
309849,0.7920143631224977
402513,0.5919602776010373
195710,0.3409481794702981
291822,0.5990657778384076
177425,0.2249336941717276
338857,0.5238222661842732
311676,0.3877677695422333
313359,0.24947116825195212
228509,0.055587232741113254
366436,0.05163287619600357
345212,0.4919682439287468
162025,0.3387594130152522
194675,0.504225671777406
204017,0.3176805902751891
241919,0.2266823880134057
264077,0.1729094795626696
371627,0.8406327169042337
231983,0.07985319470732974
446772,0.05666043076128076
315169,0.051270904726094316
173944,0.4004439607030534
330363,0.25813649277700523
157239,0.44804177303070586
106760,0.5798369829380288
294195,0.29417965165981025
283880,0.08362222996308603
290056,0.6019248282596725
202379,0.5653348678518316
191206,0.19727666525335963
203850,0.4777765489795016
329856,0.549017590291517
288372,0.30262434907315927
430992,0.26393892176195816
117077,0.6760440726853667
176052,0.1086931663196711
361158,0.17305655501601294
210196,0.14889093751595425
406369,0.5167027548956057
254051,0.767363407079515
311535,0.1945576420778173
333503,0.05864956430422683
169720,0.39726182553173744
201524,0.3073219122288716
428227,0.2207814902682691
226245,0.15713174706029664
408689,0.8630844592319885
341574,0.4672815601222578
336623,0.6026665422901322
386296,0.5400515805525211
367295,0.2438716303503894
240868,0.24545073116595575
260858,0.3562029908034298
210050,0.4097397227677087
299470,0.3521105707082001
267917,0.658815499592534
177606,0.20025051103139427
340425,0.12150648725545532
246418,0.607569529236605
126752,0.1452251140929942
183213,0.17090461134226362
210701,0.08912690565510441
447599,0.5592439414081724
116597,0.4728141228246011
101644,0.20688166615199727
285662,0.6299629265458124
441567,0.3791678233335278
397492,0.5854272662333728
197449,0.2700207686372294
356016,0.20782073392750566
435765,0.6524518142768353
429269,0.5991247894749052
452368,0.174256850384932
406812,0.20332972317444772
447263,0.20188303068156238
446431,0.6356880105209228
173781,0.728109769946226
454418,0.49106350431577367
197650,0.15479405992319326
333546,0.7015271117339695
440561,0.06966613450633213
144169,0.17589739931408288
253338,0.1640985968126152
403764,0.11541158210692447
358275,0.17842001939221083
218347,0.21337081174423517
197595,0.37173118561572527
390854,0.03635884645567345
317914,0.3215563863305957
379114,0.4677340550041031
216687,0.6297287595694913
219403,0.4093402090087028
287184,0.13868491656219478
430728,0.792992899831284
248427,0.3843363221220645
350087,0.11840149780354292
413992,0.057731010061786166
103771,0.7845146668032363
177535,0.047707325184087955
135274,0.4298111460821115
155496,0.661706798357683
400860,0.1515260957457878
304738,0.3962238174678698
315714,0.5265374250204999
166908,0.3769474758421693
425959,0.6221715290375028
438349,0.2318290558972575
314699,0.2904025516372465
183839,0.2272876089599862
375300,0.4689081611661264
198024,0.5033100787938045
289650,0.03446415351345016
377784,0.32728528638367327
413983,0.5833127029311006
256642,0.6336379907417687
434293,0.7515332467821069
297276,0.4838504543958742
247316,0.5194082429322147
309963,0.10224782033471812
195450,0.07497487926560106
131498,0.6080652824302927
415005,0.11347170217470127
243089,0.10595139067602584
352304,0.6359199803569207
435716,0.0913024447970455
363379,0.4836916372868827
184820,0.27788200067085317
231598,0.6084708160455672
199536,0.2783997245944934
213910,0.16426370573821145
326160,0.6335737983336124
431162,0.24580969499309252
116804,0.694189713799425
187641,0.14663817148214908
216416,0.21434791831816308
210913,0.41486452082611897
309159,0.027190565901972562
200043,0.20232898544379221
396437,0.09689985345174637
415069,0.35470349495969433
255312,0.3172970947048949
108438,0.5078292559285358
200335,0.17805961970364786
241118,0.32563763337030477
206542,0.3766314300643303
106377,0.4545943843640003
417975,0.07882375170562238
309274,0.564645970900076
379518,0.27407501867044726
279942,0.2999865253984477
160991,0.06536271226975642
313763,0.27491890800744456
404554,0.30162119781620483
209260,0.20208468673413704
408028,0.5231591679272276
278587,0.1667778617435992
229427,0.36002403205318967
250691,0.4390792547275448
432569,0.5787950869403686
368324,0.07593806525238439
333356,0.04000446350800033
100001,0.23425760040186563
130002,0.5187566648328651
276130,0.17967837700948597
360530,0.4485194167693928
367466,0.7858750567037558
260446,0.1051765763977254
293524,0.17721635524172288
413708,0.5844081458217366
212669,0.05041298677944983
202062,0.34807584657595575
284864,0.3460867251174769
324866,0.0810673910014793
210618,0.17994201325008957
435962,0.18797853290693445
302128,0.12591838414271378
250340,0.31611123464876445
171892,0.13973574018617999
449253,0.4019473061155279
301268,0.36679042325402716
296541,0.08439176583824413
189519,0.6460470229517596
422068,0.07183286219552691
298078,0.4383927045454143
442054,0.2094514149396033
180287,0.2085137271941375
207630,0.738038926860851
237862,0.23927280117083305
388258,0.24315273017824937
366936,0.20911574460364465
320709,0.0549598087496
253748,0.31382969715389913
270513,0.28218481044129307
128471,0.20871110247911476
127304,0.2631535060200263
255172,0.1991135801507238
392571,0.36330951281964863
342198,0.18221735473007508
132383,0.43037756837115676
452267,0.11409807190294276
251938,0.21753300390898445
129183,0.46546373799673335
102867,0.022495204114356793
444625,0.08321428045334742
233271,0.33953945094581983
174514,0.5167008506510492
220061,0.04340404861996299
272035,0.06302963987784027
277820,0.05518939613162002
321928,0.6307114074720991
162775,0.38508243674980863
122621,0.292171700749057
166020,0.3675995765912772
215951,0.16897819314291918
147483,0.09253409065136586
242477,0.2060158019404209
423717,0.5888100131043554
387357,0.19929401498166086
134369,0.7735323007025592
214188,0.3218331827722565
302393,0.6554278972830414
164572,0.7666540702612312
220714,0.08109713471559309
270864,0.656582328281836
220740,0.19000055097479668
296806,0.4586431968316128
391350,0.12731871236846484
321696,0.2222848000057217
173620,0.6081731490935227
416302,0.19825988660560126
135716,0.6449010071828584
207171,0.03465345485043944
266072,0.08112565011445574
198673,0.7507140525971134
264831,0.3152406973075259
225425,0.39145305108825734
373573,0.529538840825098
397452,0.657153152485498
191809,0.5973355624301353
141345,0.14328117755174086
354898,0.46354041954197217
344219,0.601382130980102
393078,0.031149826423167524
181774,0.49163158499755777
220393,0.1450436407373341
390959,0.1486741250330173
442234,0.5808586239357998
409777,0.5403753783898704
105712,0.27654918339881757
188198,0.5772093079128386
162860,0.11108268331741636
441413,0.5971301502328735
383401,0.1407854570967435
394106,0.2925765982021342
162156,0.1281608398596917
298564,0.2076895604364146
233450,0.22949391196870703
329500,0.7910472436882844
186411,0.41813331915102026
348756,0.3280458582961135
117375,0.3177735325506789
380543,0.22219484481658863
223288,0.5016601230306389
197640,0.4708325593454977
380033,0.05811765535510243
154299,0.06672725960100011
265863,0.17007523185759665
341251,0.3001932837631755
239357,0.7768087164821578
178996,0.37100067084899513
263732,0.3219928868110581
121296,0.054475697410462494
321183,0.46625938478984047
208410,0.23709595273896314
382493,0.16031661071173062
326087,0.13932904427934256
209168,0.8164220564533726
135363,0.5761271197284755
243244,0.22826788356304284
286986,0.593471311607095
141344,0.35164450539487074
144483,0.35049330175961957
266659,0.4601073257948415
203026,0.4322443748249874
138679,0.040326973281532126
233013,0.5165136035455402
309242,0.4110236138928373
244322,0.3789222675307902
455640,0.7506854883116743
334374,0.20952338040205679
390285,0.08628829780000384
274611,0.11857669623499632
187085,0.10656948494270166
170340,0.434231227535766
261892,0.031753975596129885
106314,0.21454912363180575
159335,0.4573095231157272
250521,0.13987114914697035
324416,0.4518072927199953
417245,0.18272036401592037
199026,0.11739236337208145
160562,0.2781781344881786
244112,0.7045577105314861
240943,0.08605049240915556
285102,0.16115802899556683
271269,0.11958148659120295
276615,0.05923675305698209
131602,0.57685822149954
366845,0.75450389375
305062,0.09369441959831525
300221,0.14888893841358525
439451,0.4919760089339924
222572,0.1700658901882537
255013,0.4173168390559832
240530,0.6576978000550113
455434,0.6628389373175705
395693,0.6538775848927659
443634,0.17853927403241113
256933,0.3866383565078759
140334,0.35101970567647445
254885,0.6413218770083423
443588,0.037188937477153586
366696,0.2861581920304136
141339,0.14756858114227264
259790,0.626744878631447
355980,0.22483424400864585
418597,0.2891944018365517
149512,0.17457383229993848
186812,0.2495772410107428
251933,0.11774237227808002
431545,0.0535536130987514
321051,0.14828176149496824
357559,0.5281802245834176
162794,0.29379404856954366
362852,0.3968626295602426
176732,0.5347765324955012
311846,0.2023214362563905
411843,0.36743678204656893
304710,0.2442442874060055
368513,0.5818122693789493
202409,0.5308433068490176
137726,0.14586970824949336
102346,0.5583430010923313
149277,0.36691542557178536
192029,0.12828736481599592
212983,0.4628593989524139
205274,0.8001856247759078
363388,0.06126928772661367
212092,0.13849642895788894
330890,0.6287648908621291
418608,0.34593990740035496
221615,0.2151407817932002
267950,0.11987160341526835
334099,0.1809643942282287
454563,0.4585097436556829
449984,0.5654924885584496
409482,0.1244371060084298
212720,0.469401343317782
308464,0.20206707549182426
447676,0.520892071187637
159250,0.6111067035343343
402273,0.27187339019731555
276238,0.14330106103037715
222648,0.6266451949739967
290139,0.35831687828740855
218117,0.1884675535173084
296324,0.3760633308371998
390388,0.26237101673593693
417268,0.10176395603518844
411819,0.5700791733083654
373154,0.5678804751145148
413460,0.2148019307424989
234320,0.31551682294587247
269189,0.28730291415738035
171480,0.6379804657229051
107033,0.3448647314451891
440130,0.15824751783826332
226413,0.2021386436359445
292055,0.20215327216148588
396900,0.5857380031317208
280058,0.2623898273050604
118531,0.6254315553364953
101020,0.16440697600227772
429666,0.278988289747995
421776,0.39222956345306753
300440,0.2800963943791428
269993,0.13895001670213722
125465,0.3370349645439409
414892,0.7809925982582769
323436,0.6724036925159543
321869,0.3633717338981943
318214,0.12125954042604037
213313,0.17527515608568686
432807,0.7332216875251149
220909,0.1093332445842649
407619,0.7602730342256595
394153,0.7895422921994415
405905,0.05600253271844802
199153,0.03227155841102305
310163,0.29699410395409886
400882,0.2308857334120667
107670,0.09779273841442557
240090,0.06402251982233102
260458,0.2712759846721909
384154,0.17024502069923764
387578,0.5327507714214488
141365,0.19500502293324912
136902,0.5031856097700204
440048,0.45750290127773585
104906,0.26932543847916046
113882,0.2505065256266019
276936,0.10548328534123826
260147,0.38250505472480517
322356,0.2487776140864715
339242,0.10802343676461937
388159,0.05509521385458451
119318,0.27287391836897573
381482,0.1761376415097135
186962,0.14822107984551408
153432,0.5938095075045771
208240,0.5509141322508627
384868,0.14439676163910514
213263,0.78042062064162
351243,0.08484981360085676
164887,0.186695397160656
198794,0.6330187906524569
167911,0.16001024323536914
396699,0.6440138040934582
170461,0.030579421675140807
337582,0.38316734243523165
142906,0.23210800294639425
286882,0.4726400321380522
348485,0.1040820070799935
214563,0.33496494544947125
388554,0.33081764611758363
308779,0.37671338115285424
149035,0.3291446631240547
335231,0.4161611720445897
363984,0.050651615702092534
288766,0.21325181847303284
310329,0.46417477114705735
193514,0.11569333088867699
322880,0.3304104602199721
111295,0.5713311168089217
192734,0.09818826251195109
335459,0.3207280842754779
317958,0.11006678020608102
116656,0.4404396619607364
250585,0.8790840172134349
128883,0.3808767975990027
343299,0.179359117785717
344480,0.19496426514124449
212194,0.6211014357095131
395545,0.1465336504142613
427042,0.18935990321646942
307716,0.1610768378502797
261044,0.18060246451919704
112971,0.4788200351538837
232923,0.3731152166210055
305990,0.15328932819699678
286664,0.59255704694436
351430,0.4270686726094953
316768,0.20856156519942498
421558,0.45612581689436665
243828,0.20458524871955164
442616,0.43467246793674547
414867,0.27235925713556514
336791,0.039969812748198746
117043,0.4859877140840349
307288,0.36700245287855016
172623,0.3728083312564047
387947,0.6569892897410695
130463,0.16103816052780642
439733,0.3446796734965706
189747,0.5350995116583195
168323,0.014496374878377344
359577,0.22067089902978532
197443,0.647600830012314
244928,0.2420859991378882
365519,0.3877941606913039
269275,0.21940056176211228
110257,0.3962929652286127
453072,0.0794719441866393
432406,0.5497886381939141
131549,0.19273231761015636
451283,0.24800729893532805
174323,0.45018809689257033
348088,0.12090428169030332
366781,0.060101983594698295
276987,0.10818201110433355
403928,0.6278382574089308
404393,0.2812590197397544
124553,0.7073203508459238
348799,0.11238009562846674
414485,0.2260519860960259
333927,0.1779324035313294
363174,0.27655128900798287
363094,0.19319289494316172
161341,0.6072800487259534
215082,0.09496883655906371
234239,0.11550534475948741
342690,0.7076462609418505
298223,0.4699928606689838
170950,0.5977590881338881
402809,0.10317726652587039
397327,0.13925724611331358
372287,0.42350962924022867
178184,0.5361489748669499
378011,0.45130227671584133
280607,0.07307246862068209
381194,0.06465325996740953
231789,0.105543953122262
278937,0.13550431155099954
354020,0.3089419029818453
332290,0.04389362898776746
193474,0.0782286259118729
374114,0.5780866532927003
287926,0.21319431475217065
340365,0.43709347803133874
295373,0.2977574312399127
452136,0.6694279812368191
240839,0.0594364547747209
315663,0.4472351446639918
428757,0.3784418761441961
216496,0.31452839509719177
213101,0.4615576587256007
391137,0.06792123778960195
162988,0.26770430362602554
172061,0.028683717540212074
416253,0.37283779123124494
265232,0.21727620205418943
449216,0.4400333474486901
322990,0.6108866361834298
434261,0.2020999612370297
256285,0.09179658526592473
227730,0.11004773845636436
107285,0.49092594044853094
321156,0.203196485714528
359731,0.2930982938763403
156430,0.17611018311675025
182907,0.6717542754114056
262114,0.04739523794138109
209098,0.6427918984925465
119011,0.22713188397143677
140101,0.8628452732033773
355431,0.05469250359673728
423699,0.6915078478427715
254149,0.29359934136530325
277228,0.7319262199360557
399399,0.1434181716337942
160742,0.3178833228417648
374732,0.4777153544746758
416874,0.5662594160252016
441275,0.37088504999031296
454640,0.576228264189193
288678,0.5914915222504449
386847,0.3363802345054065
436426,0.211716005863651
347728,0.19238324796617026
403600,0.24148741681298155
246152,0.7598878827598373
106827,0.09462752607369189
261161,0.14718876791939522
102230,0.35858940802112127
190078,0.4064952231325327
410526,0.3523353346649408
135540,0.31154161622549653
232148,0.6371622289504756
412098,0.4388381350953076
412207,0.1258078105203891
245661,0.4616136898922556
194413,0.2937581668293564
447606,0.4720512207545527
452310,0.5619971967073221
419701,0.7878275884077208
184489,0.12198377358874768
162476,0.04238585669067686
410675,0.35148743032536045
423137,0.3043164848540648
213843,0.24972615647351545
235839,0.2619551130102066
172664,0.12771963614622475
321848,0.08131901931442645
247805,0.36677881396121725
121933,0.35238069810918676
121225,0.7179761874991376
415414,0.09628088980746104
275334,0.3310398599821781
405193,0.4603095491128196
274688,0.27483157257787383
292562,0.1587828935700213
136234,0.27704265579021964
164856,0.0853473754232529
207801,0.24729980055628306
408905,0.19791601422063337
239085,0.4112251249143382
366526,0.7077092761666636
109297,0.6070124503621388
303476,0.54297691481934
445043,0.10737371255779163
423022,0.1387400708430329
283426,0.14907208736860264
191992,0.7615067970948107
361811,0.35835813093103414
159866,0.27450846536949586
207332,0.2541755625003825
403255,0.12779575097909274
305636,0.26088465744089817
216582,0.1474523531795863
356813,0.28825353563388134
454405,0.26514548732290866
399221,0.6049342802411327
256772,0.27187157256757827
196360,0.5217654087682054
181836,0.0927345763074981
149752,0.796539617717493
209628,0.39363014994235146
149376,0.21519584106667372
446885,0.06523880748437237
228467,0.6585175258798941
120030,0.05161710045713531
181484,0.20339897291392808
403972,0.795242990505073
413797,0.5316093091380294
147476,0.5828682667835148
361972,0.13777772631080248
231845,0.6104747217005776
238443,0.0883686818693993
432501,0.5714443767256073
154015,0.2367377007514186
297480,0.6202186624400754
360454,0.6442130628306416
240348,0.4177287877063919
342794,0.4711695873920184
414585,0.12396094724472317
280563,0.2540782026644447
128099,0.5202049006249161
240744,0.13533436324179415
443274,0.12515058481983593
186723,0.08500857617770426
122850,0.09427362658078567
347853,0.6625942435261827
219848,0.08327134370108456
224111,0.1769027290003985
110803,0.1609402068997793
156627,0.5178257154266703
389258,0.45316812298705794
315870,0.3656895130957334
187498,0.44299854832616314
338073,0.6311317658474996
153654,0.2058178202005176
320331,0.5339728416881594
362412,0.12181699756724876
303066,0.05362466406128827
365194,0.5762093028925808
144912,0.6956373160541556
150820,0.23404696630168442
194610,0.41366972949506026
129962,0.7428902700951451
287644,0.38496144642690533
215978,0.2819832258312824
124887,0.2232541280468695
330903,0.7138051092445037
295286,0.4047307319969305
204778,0.17433696712846156
291800,0.6296366076296976
336155,0.2656236629382509
135275,0.2423291162497564
225478,0.18711956092074025
348031,0.22354647985337067
429230,0.12445033013478202
212648,0.36556284315400756
199151,0.14641918715495233
371518,0.563594584043591
356651,0.13389150423421917
389707,0.06255936072657393
378924,0.19074661906413545
399184,0.2831689485784469
333896,0.5947812268656223
347046,0.5199396286176902
433355,0.8172588243605107
383189,0.04910721789439348
323318,0.01976634867337611
146086,0.1545311529729475
104652,0.11551138447155493
131072,0.08301522200116788
375878,0.08321714891489333
127215,0.08328973085895737
120227,0.4454270494811998
273683,0.31935558123915286
162924,0.510255426548733
110832,0.27934174570660897
234174,0.07115226906890969
445925,0.24004127126833463
115621,0.8011075875258434
158267,0.39745663023497224
427120,0.04800628066556409
444015,0.22187407246121568
237084,0.2819981985763874
158503,0.29162792802669174
317815,0.4068874651389783
303473,0.4555123481011887
442151,0.6837579309510214
128962,0.07969912346825928
138085,0.1832526543184248
371275,0.794344995576614
257663,0.22274149990462697
330430,0.1829097929591355
334693,0.1140755702616893
179941,0.29960771846364204
282854,0.5106567123223009
254335,0.24047635261506875
146206,0.7731609948903564
358752,0.029798766888966745
128882,0.5312306458812842
164513,0.4101989988840495
248533,0.14186490021907355
144259,0.46648775473103665
242067,0.10990785567205298
170337,0.1630725009444202
299024,0.20698261573340543
174832,0.24028549058955015
228499,0.20268169105172076
406260,0.6428043261385338
453493,0.1038065831964755
424249,0.35478700239853583
392880,0.5489807847741145
258686,0.5965965372052516
165560,0.3194620557201679
121080,0.6502210816993117
251422,0.23221930488001963
156629,0.6065034827371002
284361,0.35437580788861656
445343,0.40487018408149844
180597,0.45892034100529594
104685,0.5553438237626903
187915,0.11216231595959171
320724,0.1700005347960671
149253,0.328239039138506
214657,0.11896362200227972
328549,0.5004632163221556
359611,0.2303070260648473
329969,0.11238572087475754
443847,0.05818491582322184
175515,0.37397959462262237
344404,0.3599964632952373
338044,0.04435268442481793
416307,0.4731014588612755
162864,0.5619917269621929
321145,0.0383866940548506
359884,0.22753272838162236
112214,0.42960716456187675
198798,0.8050985740735036
125373,0.5797671268833979
243163,0.12812461279656157
448931,0.1170596777881845
334241,0.6956475973692876
322267,0.05105771594325907
405114,0.06912213421618739
151039,0.21276860042416834
367895,0.19528684402472188
328558,0.34738968504376055
403977,0.43624504467056235
425371,0.5730342270981597
286566,0.21225449717723052
373286,0.11847185656450714
411081,0.12850516889620747
333597,0.25132353308548705
434216,0.5014491737979205
125604,0.40657280562647913
116525,0.14780242010662378
387352,0.1596289273396199
155135,0.8217540791995409
278152,0.3476844442773478
253317,0.09914469703724293
184885,0.10120739566053692
358020,0.5520107600169926
407215,0.23695712429455165
435611,0.19739855791138416
255146,0.5117803282040743
262749,0.5958616241946509
148102,0.6531703160918516
454457,0.7264528089666723
186113,0.13519191243221299
352768,0.14077805330502072
319574,0.1797208156103993
434986,0.3528101678901862
326186,0.09698776910028035
245244,0.24829426793796622
322254,0.657512920704513
330840,0.052073944442894135
455132,0.22555976074249645
395248,0.8280908111550369
157623,0.32912709010342533
318347,0.17700388051433222
336499,0.10325169106517552
403464,0.3337037658915039
187037,0.5022694218088826
419131,0.3199195556501225
114850,0.3521289860990223
195818,0.16525033453025365
405179,0.08892458211906405
114476,0.09585435186058966
107406,0.23078674909045663
428938,0.2764661705743702
282002,0.27779253787558156
214336,0.21024505706024318
127111,0.32147182082717574
229095,0.7150280528223031
218078,0.38705064912606824
412728,0.2912897343440528
190388,0.7361311674403636
412031,0.3784321484861703
410706,0.26661208873180936
403937,0.22674262560907754
389700,0.3553344314581382
379486,0.28701273854436404
329433,0.13543055466932516
342390,0.11760739108050067
132668,0.11803727547864822
118823,0.6763865253508149
276617,0.22975568945866404
264610,0.6302004161855719
116084,0.17039974687549211
371744,0.4181374246269122
171422,0.05850947259809854
312796,0.33509396461861674
360885,0.2533266458964181
352785,0.059510164631874106
100548,0.16374869855991953
115439,0.36012037587425644
454380,0.30562288668226856
182952,0.10762519985108193
171530,0.2776926048994851
128528,0.13410975841761114
300126,0.3451358472991332
393318,0.34101741596982965
148946,0.7124505884285908
314346,0.05128691107820238
227242,0.347948884539727
212676,0.8208957688115497
388272,0.38388129525046616
415755,0.34915652974831357
140204,0.3590171705412228
140234,0.27792132458734553
305746,0.23386229612960793
199320,0.5692956280658769
266418,0.5143412534376499
280009,0.7299797661383913
101649,0.1405138445636392
184656,0.30168875357447134
450554,0.37023862027403326
100223,0.10951301718556838
298533,0.16039313741137143
179519,0.5561311356153555
367119,0.2587568544137294
398110,0.10630502090061257
323557,0.23614181001631662
322934,0.5046008081031134
187451,0.43354185498998793
184386,0.02898529948967847
402279,0.3992810112990129
357228,0.10719590232428367
197566,0.2163965069518254
267316,0.45318061823697403
267518,0.4108420280832809
150724,0.5429881919890749
435422,0.2122401489488443
229508,0.0401567053882587
360683,0.2670734221672385
354768,0.20757831853212985
389473,0.1851603862926403
128214,0.20226194362457875
262802,0.7774630572717476
427032,0.3144114613283702
186953,0.1381340011319198
256222,0.19898202970954573
396986,0.12005737420195575
173535,0.17820684519608085
185512,0.21418549007210005
162133,0.5051554802730752
165932,0.13287886017891762
148070,0.4165687051444511
211379,0.5839870426917182
131798,0.3517359103042778
195077,0.5019622351987273
362675,0.4527909196451252
416129,0.7295114078914084
349541,0.10222883652484786
415550,0.3915719285649527
409085,0.23144820509413697
167128,0.37162803404577877
265619,0.1797696222529178
118115,0.3364960703038243
239924,0.3595009174611437
360484,0.36885770981104643
128171,0.24078645064372745
327153,0.7222896001318118
200524,0.2987436707014425
126971,0.0812175862766063
435434,0.35987385817783324
275537,0.23288914347758535
150501,0.7026457584778858
391741,0.08341180619646904
116015,0.8562193376062623
230402,0.35109579669690477
113346,0.7731027942514306
378115,0.3085086620871323
184660,0.408126674894462
400489,0.1556421764596351
161234,0.4363302960210853
123072,0.5483078511725794
178525,0.24236655841979138
253447,0.5532915839802703
158677,0.0630533470546849
434209,0.2206080137783955
448585,0.3795815968270767
196080,0.790017825288872
288829,0.6063123902958328
452529,0.3171249696540702
274043,0.2536769821813003
272209,0.5108694822118031
311376,0.164203262708435
273047,0.8130701144367739
255378,0.22698936906430203
269938,0.4612816007627939
443106,0.3056561552032555
455804,0.6685388260047954
235223,0.11807309196472379
198487,0.07300834842915764
192675,0.11641311057020631
171862,0.09687626047701489
452101,0.7257643622338434
106924,0.06320305833328307
168436,0.6184257850583443
288375,0.7333825282344041
197601,0.08164674586668517
292259,0.29257894385772937
359387,0.30814757107692914
172683,0.11942098837629475
232275,0.28259998633669553
116712,0.20321422940817813
192722,0.28080173443967177
221629,0.6427366244646375
219406,0.375386582194363
364739,0.22768860976854025
213680,0.403526588953042
351830,0.6227735402299532
389617,0.1854685416599611
115969,0.04484641176755779
334539,0.41268495248936704
142294,0.06413042445700494
153514,0.4828164597067419
181788,0.1314019191463882
186916,0.1520613134184414
297363,0.2833329044825714
420291,0.13916976599110747
144333,0.45992444230138574
167621,0.6685742650280874
109479,0.4520257017139029
320179,0.24971305269659702
289608,0.2130993505708084
297896,0.4039565572917087
242629,0.08628743454043959
346982,0.447205911194809
307824,0.21712780260721123
453894,0.1878824667194749
124506,0.5925846856891074
116266,0.07508859786939065
290711,0.7610210265350987
267379,0.3269931411059992
222862,0.7255283940985471
227027,0.11603405930056793
358777,0.15083936626499114
314560,0.48624542488401085
401894,0.20096448215712376
393351,0.47028608069221145
436183,0.0654975341367865
412593,0.3333614238083803
255911,0.6339328628704902
104499,0.15507522416819286
206687,0.1345044865404403
347501,0.2479496758593603
373075,0.6057309939270793
165477,0.2892321565107704
420626,0.5155177431597324
178342,0.6105348663164599
337530,0.3045153865886278
235025,0.7954324597641556
160400,0.32347221514770713
205752,0.12198508712363758
355549,0.13029269329216786
355017,0.5417313157094972
287386,0.641334551323157
322250,0.2890042168549611
274460,0.17638187909377176
416582,0.10058232454820426
418556,0.7797367710118791
250774,0.42490276539845934
455277,0.691777648820127
454245,0.09358272729412516
386848,0.2595763851331
305518,0.20435665559498353
225302,0.14435075744124715
332724,0.29716884645049374
441256,0.17622365259939815
223527,0.7417690049240072
189213,0.1605617270635173
389098,0.257470988155159
258058,0.38629777216670935
105271,0.5876606249112064
166573,0.3820559088477972
127390,0.2755653323747037
298480,0.1814162430217673
206197,0.32276070233979215
315366,0.05843857778920051
382517,0.8240158365577904
142982,0.7177744631609002
409297,0.051609728419715
310260,0.821119901020002
172261,0.3593214278791426
455005,0.6746095313667133
256987,0.6904620084286102
355109,0.6491261282886444
406953,0.5022223955997931
245933,0.07664426471534176
229201,0.5407205631654171
350139,0.09232478975631604
282954,0.09890986445958067
198209,0.08406272638890532
250092,0.5415636033537338
165154,0.2352055841603118
320795,0.8093983263685579
334631,0.42333788026502756
258575,0.3667453368189673
198001,0.8309954000692753
131844,0.10956076171822403
281731,0.4988853274057401
356609,0.43102285207306473
231134,0.13216204762243985
444519,0.5976049014871243
351838,0.33021558981883764
332551,0.289791868144812
234507,0.5736676040311881
181501,0.20925983518838084
358838,0.4747715120902504
186265,0.4780579600437767
101204,0.1353160489235482
183603,0.8406699637144334
308565,0.3849811787194496
360545,0.1654029088494495
360663,0.02350470959909538
423983,0.3837714762320024
362682,0.1944520408681284
402475,0.4135771249550564
215266,0.31410894805077616
429774,0.2989036611960236
358735,0.6267236969321022
191524,0.34347991839336206
212968,0.6265973777231936
190756,0.16674561758431072
245957,0.06711308155716414
249687,0.5858378765984948
415754,0.11302199369798825
365552,0.3595712177124371
251248,0.7500883676951593
405666,0.352318034706325
333734,0.23062504886248453
212718,0.44477316919558985
394804,0.8873228253838916
222154,0.14901129953871906
261968,0.04253867733434764
185607,0.6126766559446307
152365,0.4767932569108991
215383,0.06125235166840577
252929,0.4013108418441924
442199,0.3277179129826874
306438,0.6107104657178966
113694,0.2904588123217295
217663,0.8099199465431584
147345,0.7758136325841831
131848,0.21855573382899174
201638,0.3000098458374425
159526,0.15762677794776153
196411,0.3124031603379617
381459,0.16836183773507415
385139,0.7190210274447159
182539,0.19967831784492343
260582,0.6256320793599026
366394,0.5578443872290733
402054,0.12910395227914442
377780,0.029969037745998524
329765,0.2620770342337774
417443,0.5426299975999471
178766,0.13816837367255344
328252,0.2890738767957218
102799,0.661030740001665
305408,0.47945938702757684
319181,0.06441770221035815
216659,0.5652073993005651
346661,0.7389262863106072
182836,0.14655571669104106
150106,0.5128937810465767
413896,0.7333509444820007
414939,0.09999394763493767
109468,0.569879048317907
118326,0.6829407659340632
101181,0.4072140626015882
284257,0.6096994851710187
168827,0.5291568128679521
161536,0.12099840425868123
336089,0.5069628607224709
255084,0.13025187441760264
200071,0.7579527413675637
192056,0.07656591697957071
365476,0.3221838266127801
301725,0.04086828992950702
364743,0.16188702462224944
406046,0.46123932657696837
345622,0.0879673355667571
436598,0.19890660787126926
311761,0.6566807733144895
309202,0.46966412212912934
281376,0.28437677174810294
368782,0.8346667862429101
432590,0.1642616072138088
262354,0.5930038689176209
444268,0.3602164327560646
307366,0.3170275399809346
447532,0.5563299093873116
358023,0.2725297448042066
111627,0.1588735860550346
108363,0.28199841797646785
455424,0.40814161320310965
381139,0.05245115719898469
100117,0.18730277970712247
281347,0.6972921659327544
413425,0.24801576609515252
186309,0.20831469704267844
260913,0.09997016131127083
253986,0.21338894353288976
198323,0.38958524378139847
202446,0.3961231661810254
160666,0.2480529324713952
270676,0.5743044061069854
377754,0.3938762925057179
359806,0.7074383602835209
190998,0.21520990559300798
242741,0.09122910167922581
153330,0.6306054626552946
322473,0.7196442617112757
118191,0.0737403635514957
411600,0.26072251242441374
298628,0.05423724790893428
335879,0.2160898865559299
394847,0.09616656325805974
328545,0.7937640393105388
389490,0.5842028886564707
121492,0.5098122269774517
360063,0.4124924162513463
116474,0.5566097447300601
411095,0.3776730647796071
437602,0.17798811511687523
172999,0.3732757838237665
258565,0.38686218984526627
191028,0.22355120932104486
261759,0.47447911740279514
390638,0.7088527108041287
405642,0.43521511431264315
318517,0.2932470777102687
330602,0.12529591737535456
227486,0.17627423066284828
168961,0.5894280447623659
208156,0.5617583199808619
315164,0.4570236095627984
402619,0.1533164313280228
377783,0.07958507527527119
296292,0.42765198073321364
147408,0.6015546057436179
304517,0.11939759570764825
383168,0.46044980782463124
291718,0.3160919948062128
116643,0.06731428477040331
335692,0.365282812803548
435562,0.900693908958277
417183,0.3087044767613559
182742,0.16830224074734562
293218,0.5216323180746442
297300,0.677374701031522
218539,0.7081639356473236
107460,0.686981286965782
437573,0.7513637527449935
276880,0.04127362502896707
210735,0.16035450287653186
397679,0.4304593922701571
240125,0.7538759059153006
102549,0.23779438850133977
348901,0.14975714214198557
437169,0.03572500699375082
222674,0.2490068600875247
278653,0.7690462920513044
165966,0.5616128702780988
218692,0.3462547359095997
239765,0.24849973965745376
344401,0.33898054833214697
201720,0.7152179119422463
233639,0.14620287830395004
400925,0.1880948777362816
360049,0.8413549709677379
298296,0.0986264979740183
183362,0.06225287760456272
384757,0.0707007427538336
371710,0.40906145768266
213196,0.5128635090693712
109101,0.02074424475519149
252682,0.6337923999961749
289073,0.13435837384846583
221227,0.18068066828853252
321648,0.4579268969287008
347755,0.7551721253045554
269232,0.3705211067175692
410972,0.4132058164226891
325916,0.4774614648631912
191199,0.5686402361448992
114976,0.3724976381718252
248105,0.2825299568728583
380034,0.38043982852594094
415114,0.09286714503637293
217136,0.25684229393876296
280424,0.33348587622787734
436098,0.07619222748490324
156038,0.2943226081862326
400382,0.11521717874056434
337159,0.31989725343185604
229276,0.40140094274186294
286854,0.3591496478622241
281024,0.564730580802316
299365,0.6159969596461047
412370,0.5478576319244796
143703,0.4753649111714252
173488,0.4820381438842451
142962,0.6664702589100286
357830,0.10986871804780934
148596,0.44354895397230143
213821,0.38168137036452043
416275,0.2012513256052484
445200,0.0711732298843157
438152,0.3570869957689777
267182,0.1082580570861342
392825,0.14924767461747615
276886,0.25683812883820634
191746,0.38416175288171706
169658,0.4801091536746735
319494,0.07850619726219413
200912,0.17019828827246225
132978,0.22984854333152782
111332,0.5498395371940691
128199,0.621026970667099
194039,0.28657910372237616
283958,0.6432455564215029
364291,0.36529706370662945
102933,0.32802973235415345
345867,0.20750893981575697
246386,0.760257413441614
287666,0.2466374726811024
378945,0.5142012302153759
337375,0.5904463266470155
176580,0.4070241342615583
390955,0.0485031109186819
108852,0.09883949485566877
347531,0.13574380422932056
194158,0.21330343767918863
183592,0.16036936216825967
117900,0.06748638164466196
164783,0.26482466629952817
280800,0.45623116291322496
152071,0.3671781241165007
299973,0.7516815456537801
267403,0.47524599216466357
109771,0.4255766851208464
316915,0.1239973290969162
328542,0.8598302132638375
302494,0.052900519070296505
291693,0.11242083676054458
167714,0.13540063359414506
325778,0.21886912198071168
190664,0.12837217930215658
190927,0.21123497198570051
253133,0.43951601706288007
117531,0.21416303448453058
165761,0.07330520052368869
211548,0.3114219155449871
418345,0.5100279577110325
200836,0.14703489135212852
202478,0.20209194034223385
242201,0.7225074464917338
439705,0.23744075974098983
317952,0.19562653656471046
191548,0.2942362425590705
242484,0.5000169173725233
167401,0.2433899474865703
277699,0.235081592223651
163024,0.08480804107238617
316457,0.3609386092814484
152591,0.19163781729733825
429549,0.734486647345388
381768,0.3483156574107446
371722,0.17866404129987937
243124,0.7804376070477624
369871,0.8724924699980979
113992,0.09522011899395313
315610,0.2294026747762145
409083,0.3501736230833189
171060,0.5994302878180444
384870,0.16539277993372503
106453,0.4402395401120092
130110,0.18848875811578306
317369,0.7951234768178144
429952,0.6392459685045454
173048,0.3110951330385263
384211,0.48587269920267856
330981,0.1776394144484303
411216,0.10973889064892595
223727,0.12737243609214252
164441,0.45607499188930584
137346,0.5893626169977131
201949,0.2419148021961301
159683,0.2275025997398377
232103,0.14479130373841662
393489,0.08470227900238038
456122,0.5128294162250963
442541,0.027262212063439845
227713,0.5151870592310057
258127,0.6635590940095549
307971,0.20883235553473212
325908,0.31550658893595707
161683,0.35698696609148334
438570,0.0644551057406675
241718,0.1908191349907231
127334,0.06591557545091359
174729,0.39853971303630176
131321,0.7103447762336538
185442,0.611594372702103
250737,0.394489407263846
448935,0.18932522127867912
396408,0.15405906196454952
316190,0.4562909809351627
436009,0.26424751506780353
369504,0.0725676796589797
186943,0.6369842582422821
228389,0.2577482192640585
435147,0.4575724247405401
349994,0.23581224611072257
381164,0.8714097561319054
104381,0.22531861735341363
422015,0.5820094194727343
332170,0.5822302440921436
451724,0.26821223885755985
390639,0.2592892396237174
368150,0.5468513373847091
432298,0.6169450250373708
243375,0.3807618829317238
118305,0.2910040580678268
276056,0.33588889358088525
238833,0.22253768183253425
396849,0.25811398775115746
121772,0.8885456424077124
406962,0.3898690029219728
137743,0.4418870689025634
113820,0.4216054873892339
211787,0.7901608214546071
263440,0.07882921234546986
135461,0.1985942318611522
381434,0.686104505221604
305876,0.1070075435927112
431726,0.7223788826732627
252582,0.14677684413065356
405443,0.822128595829877
211194,0.782195435128733
290526,0.5701491609697183
281972,0.4648296114357593
279279,0.1172620210938607
437269,0.49278073078047085
244006,0.4610673335882374
246947,0.2755656480025837
357464,0.5542207939633844
287755,0.38739053722469236
327594,0.22901041221897186
195469,0.4500017999286042
106534,0.6147347729691761
236362,0.27120589848047466
415529,0.15489335670835316
258163,0.13063629465275903
198427,0.5530902020758297
233312,0.35964179666872786
295908,0.3242321374698698
303082,0.21279990983830777
393886,0.15554948717531003
197657,0.3666791279486456
263664,0.1683164598031397
403404,0.45411642342972885
351892,0.4984089332014985
224065,0.16874555971989033
318760,0.31757254996912004
139992,0.1594896558164255
304029,0.2799414246607211
155808,0.039497673160924625
261231,0.1660090421089007
404477,0.27323346787216973
417253,0.05452784793268012
406028,0.0574798510601622
100253,0.23617541645327997
420611,0.053249542011645494
445192,0.12545300687691444
339718,0.4668948395920824
428842,0.3221852014183072
307588,0.24833046231579844
372484,0.3884137872030966
423726,0.04039200982807038
388865,0.5921259308060861
358873,0.7625029733816813
145713,0.2758769108850135
299351,0.2244181576528959
129768,0.20101417488285
349565,0.5236430586696905
440283,0.34052927288367296
434604,0.7479945251206984
203175,0.32350146186178563
192770,0.12594291963702126
451675,0.06940593308608543
453808,0.7293072511691329
413188,0.5166530382095903
333589,0.37688509982927226
362900,0.5789722941155013
173393,0.07296240724315715
187326,0.7600842908742106
121201,0.7971902356722966
102652,0.24798585605315063
401273,0.04148952485208156
320778,0.8156160950630509
396094,0.2894978987716963
139674,0.1853363481750241
423061,0.8284882261354924
414648,0.36139643167246804
358348,0.25664856868602154
126555,0.3723839681741809
431027,0.2096979650419352
186632,0.5277815505848088
217341,0.7296442568546188
151982,0.30863685779144795
372772,0.6470903852325679
102563,0.2031098232565174
227344,0.0968980526834506
396301,0.0984882214990139
268495,0.10052133464074688
249313,0.5581188492597878
367124,0.6018459393487773
378121,0.5974006558470905
112735,0.16381623374691526
250712,0.12609037609176285
115269,0.560063767762156
418578,0.6403223478803796
375758,0.12269375028770073
135504,0.21485584504362612
308095,0.07799890185605421
328122,0.22268262776398753
233582,0.8583495780465239
370845,0.21974361473109408
288459,0.3431298763321817
215586,0.46535438178792404
112467,0.5706438891333744
147082,0.1936012505815869
441298,0.08941299367513782
372745,0.2156849847915655
429567,0.4806030103528852
128985,0.3103871535271615
381458,0.08152280903895658
228097,0.5181509239329983
161111,0.7077475982405499
261839,0.5323747593988853
370297,0.3538286525169211
434179,0.515538383824294
296209,0.6128241469316552
279134,0.2524137527301366
335645,0.4283094180839872
343522,0.43739959328565764
276263,0.6864779435441081
404309,0.6870993781531931
284311,0.23571278091415251
365429,0.20931557417395885
235021,0.1897777064751696
202343,0.29220884995975555
360518,0.6694410402847342
362094,0.2747745822623028
333435,0.3515233575793374
311020,0.16997391985640103
238066,0.3387225930967165
455262,0.427884632330836
260634,0.17941654717305153
149401,0.08251099385686932
391449,0.3351033008914281
220562,0.05728709334465428
307198,0.4912733562004091
187388,0.2538563402752666
283757,0.18189772638694496
155443,0.280916392978902
434156,0.16038609078683067
121323,0.15388604175061804
385143,0.02742937699641302
399667,0.3712082615243851
417982,0.6136837046521183
423120,0.4161066922807282
266984,0.3778519271792476
289215,0.5700212539793104
123124,0.37234792763833274
250137,0.025480407491358947
335787,0.04054748501738725
131550,0.5239742222736005
105390,0.06250056183400882
453753,0.5691181362477726
382875,0.11117190527721521
435534,0.4197236869413419
429493,0.6532053073665811
395237,0.09935743073011073
397782,0.6313257379249315
202253,0.39536801044752673
159661,0.7490973546554484
120977,0.1729293955664826
226395,0.24846024885309378
278779,0.308324946801531
327609,0.4110584773011954
429873,0.6344183002388394
122322,0.5023070308741071
113109,0.28807461113583077
439070,0.7992524241182856
371809,0.06963994420493867
251219,0.0929152799381315
118072,0.5942035071730664
402707,0.3689426743504531
178739,0.35459022617750674
338690,0.14442476679782565
214229,0.4688544023087368
411645,0.5402965100034287
341237,0.12760720309195894
190133,0.526987226251221
162517,0.20487319833836246
410295,0.17156849555581472
442905,0.03872998472317441
149050,0.22094728615790782
148437,0.7288083045462981
202863,0.11509054285547479
177891,0.5674651838823417
155450,0.14160225098350765
405089,0.7457419109715222
414895,0.3454221453937159
168208,0.15654469326685724
350699,0.6161556426624
166873,0.14089865479027577
186014,0.073754728947735
442060,0.05931780415837009
366762,0.11763671470229473
236911,0.21552348866970547
371587,0.7248753066424966
319143,0.42253356395063535
172144,0.31710790171303227
259483,0.4915445484058173
379132,0.6858941255703863
364232,0.16858827150319666
137577,0.6744189191017695
451315,0.5269270226561449
426124,0.21190400622187583
362908,0.2135757624811095
292326,0.7445177404684657
379488,0.07612527753623208
199786,0.19009985022348147
221762,0.41111916706133167
166996,0.03908799263991509
192427,0.11727608825567006
331081,0.6316049427596416
434160,0.7025830627568108
191167,0.28636974920802366
107419,0.1971554551001497
229672,0.16000346249846578
139290,0.7872266322602697
187684,0.2377893574530846
141306,0.11570652353475161
227944,0.18781918620852597
230216,0.3858157829519414
405363,0.6847659869586887
450469,0.5793154623813362
348884,0.7496015563387272
202407,0.05240157169979818
156404,0.8251395086246058
295869,0.12188722683332628
188389,0.4774537915459519
274972,0.5908010200970502
323696,0.27950301272936945
104831,0.5471465192733875
213967,0.3404573773814135
302146,0.43350102150800973
306756,0.3120499476592696
141368,0.15552753084866483
234550,0.7881914659625974
398699,0.4206000901537842
354265,0.12373084663177
109037,0.3890977949740548
151800,0.17331143879479394
323382,0.42689454417924555
109367,0.2384026389626692
302431,0.7627686977758628
406044,0.06649038366682772
432028,0.3867313845664062
439276,0.573932951668678
121968,0.11752930614888349
328086,0.5743040023296634
120325,0.15212620840130436
165651,0.4345848355285771
233658,0.07918782067296266
335369,0.141210523471716
420629,0.05218515756866304
309443,0.7251520569168232
131088,0.09468543250459978
255337,0.39700900248197113
292953,0.4087227166344079
297774,0.1420843362507668
172029,0.07030900097771292
410626,0.4871558289862303
152100,0.3818669339218588
346526,0.3163410126518411
424758,0.6477703750985595
361949,0.3065476682102472
158800,0.20311698458619537
107635,0.09005427211368144
353809,0.31097988136038834
192071,0.4947540994203859
241741,0.18047222412723973
193767,0.2813727627285672
234340,0.6902734322685502
199311,0.40237987423203964
446534,0.1432392613416357
218275,0.6505474535048101
413089,0.7100110528243547
280934,0.6139766788602801
204280,0.07160420638054192
313970,0.5426021815532132
187967,0.14544712963783304
263593,0.8375752282350141
450978,0.6146556666207792
130690,0.44439634004861356
218300,0.16220284755159523
358990,0.6000867950076413
295837,0.5311824168496863
305210,0.364228385708823
394722,0.33733531416173973
353454,0.203688300900086
304736,0.1531065566460339
269871,0.1666966446638369
347193,0.7535295746386014
399727,0.16784639642782104
404473,0.1875257165236767
434790,0.3585977443855463
170128,0.41356276884723886
156989,0.12355934548369144
366530,0.7025907346643255
272180,0.3243744080427708
310101,0.030520897669606906
192921,0.15633624521143735
441996,0.7406462005119072
229262,0.27482019270246294
104913,0.5057520144472465
171081,0.08541963922259582
324296,0.49018764212052474
243590,0.08718764997679453
347471,0.19613462539377297
249603,0.5722411705945663
147587,0.06422378303712067
154760,0.5410149272574887
302827,0.10956070050113939
399246,0.7264415120308451
279172,0.21941659212441636
362061,0.14242043561876105
228458,0.45285231985956576
307022,0.049283935959339685
422839,0.26174054265249747
203185,0.06013738675469438
283050,0.19519322079690665
293907,0.28793425596130734
403799,0.14995644852295562
178825,0.2921336063611548
199378,0.25434044577874065
448016,0.4362365097815817
391870,0.3549516850136781
153502,0.257532337279019
186456,0.06907276418644441
359822,0.2925189187946741
